DateOccured,Crime
01/01/1900 00:00,51112.0
01/01/1976 08:15,172100.0
01/01/2008 11:54,21000.0
01/01/2010 00:01,262200.0
01/01/2012 00:01,142320.0
01/01/2012 00:01,142320.0
01/01/2012 00:01,142320.0
01/01/2012 00:01,142320.0
01/01/2012 00:02,41011.0
01/01/2012 00:07,142320.0
01/01/2012 00:13,41011.0
01/01/2012 00:13,41021.0
01/01/2012 00:15,41011.0
01/01/2012 00:19,142320.0
01/01/2012 00:20,142320.0
01/01/2012 00:30,64701.0
01/01/2012 00:30,142320.0
01/01/2012 00:32,142320.0
01/01/2012 00:33,41011.0
01/01/2012 00:50,10000.0
01/01/2012 01:00,142320.0
01/01/2012 01:00,41011.0
01/01/2012 01:00,91113.0
01/01/2012 01:00,64701.0
01/01/2012 01:00,67701.0
01/01/2012 01:00,69602.0
01/01/2012 01:05,72140.0
01/01/2012 01:15,130000.0
01/01/2012 01:18,241100.0
01/01/2012 01:18,51212.0
01/01/2012 01:30,142320.0
01/01/2012 01:30,91114.0
01/01/2012 01:30,91114.0
01/01/2012 01:45,211000.0
01/01/2012 01:55,91113.0
01/01/2012 02:00,61601.0
01/01/2012 02:00,142320.0
01/01/2012 02:00,43013.0
01/01/2012 02:00,241100.0
01/01/2012 02:00,142320.0
01/01/2012 02:00,142320.0
01/01/2012 02:00,67701.0
01/01/2012 02:00,69703.0
01/01/2012 02:15,21000.0
01/01/2012 02:30,41013.0
01/01/2012 02:30,142320.0
01/01/2012 02:30,51221.0
01/01/2012 02:30,91113.0
01/01/2012 02:32,91113.0
01/01/2012 02:32,91113.0
01/01/2012 02:38,211000.0
01/01/2012 03:00,69602.0
01/01/2012 03:05,31421.0
01/01/2012 03:11,151130.0
01/01/2012 03:25,91113.0
01/01/2012 03:25,91113.0
01/01/2012 03:25,91113.0
01/01/2012 03:25,91113.0
01/01/2012 03:25,91113.0
01/01/2012 03:25,91113.0
01/01/2012 04:15,142320.0
01/01/2012 04:20,91114.0
01/01/2012 04:20,91114.0
01/01/2012 04:35,32421.0
01/01/2012 04:40,115200.0
01/01/2012 05:00,51321.0
01/01/2012 05:00,31111.0
01/01/2012 05:25,142320.0
01/01/2012 05:25,91114.0
01/01/2012 06:00,142320.0
01/01/2012 06:57,265321.0
01/01/2012 07:00,51312.0
01/01/2012 07:44,212000.0
01/01/2012 09:08,265321.0
01/01/2012 09:14,142320.0
01/01/2012 09:30,65701.0
01/01/2012 10:05,241100.0
01/01/2012 10:50,61701.0
01/01/2012 11:00,64601.0
01/01/2012 11:00,44015.0
01/01/2012 11:00,31111.0
01/01/2012 11:13,65701.0
01/01/2012 11:17,92000.0
01/01/2012 11:30,67701.0
01/01/2012 11:57,71013.0
01/01/2012 12:00,67701.0
01/01/2012 12:35,263299.0
01/01/2012 13:00,67701.0
01/01/2012 13:20,91113.0
01/01/2012 13:51,265321.0
01/01/2012 14:00,67601.0
01/01/2012 14:00,65601.0
01/01/2012 14:25,31111.0
01/01/2012 14:30,51322.0
01/01/2012 14:43,64601.0
01/01/2012 14:45,51312.0
01/01/2012 15:30,65701.0
01/01/2012 15:30,43015.0
01/01/2012 15:58,263299.0
01/01/2012 16:00,65701.0
01/01/2012 16:00,69702.0
01/01/2012 16:00,65701.0
01/01/2012 16:00,91114.0
01/01/2012 16:03,63701.0
01/01/2012 16:10,71013.0
01/01/2012 16:15,142320.0
01/01/2012 16:35,67601.0
01/01/2012 16:40,182130.0
01/01/2012 16:45,266999.0
01/01/2012 17:38,182130.0
01/01/2012 17:45,142320.0
01/01/2012 18:00,71013.0
01/01/2012 18:00,67701.0
01/01/2012 18:29,142320.0
01/01/2012 18:30,266510.0
01/01/2012 18:40,41011.0
01/01/2012 18:40,41011.0
01/01/2012 18:40,41011.0
01/01/2012 18:40,41011.0
01/01/2012 18:40,41011.0
01/01/2012 18:45,91113.0
01/01/2012 19:25,91113.0
01/01/2012 19:30,65701.0
01/01/2012 19:30,67601.0
01/01/2012 19:51,266999.0
01/01/2012 20:00,71013.0
01/01/2012 20:00,71013.0
01/01/2012 20:00,71013.0
01/01/2012 20:12,69702.0
01/01/2012 20:15,64701.0
01/01/2012 20:30,71013.0
01/01/2012 21:00,65701.0
01/01/2012 21:00,51312.0
01/01/2012 21:05,42015.0
01/01/2012 21:05,42014.0
01/01/2012 21:50,43012.0
01/01/2012 22:30,142320.0
01/01/2012 22:30,142320.0
01/01/2012 23:00,51212.0
01/01/2012 23:01,179210.0
01/02/2012 00:38,142320.0
01/02/2012 00:45,36111.0
01/02/2012 01:02,211000.0
01/02/2012 01:10,182250.0
01/02/2012 01:30,10000.0
01/02/2012 02:20,142320.0
01/02/2012 03:00,69702.0
01/02/2012 03:25,31111.0
01/02/2012 06:10,91114.0
01/02/2012 06:30,51312.0
01/02/2012 06:50,63701.0
01/02/2012 07:00,69702.0
01/02/2012 08:00,65701.0
01/02/2012 08:00,64701.0
01/02/2012 08:00,117000.0
01/02/2012 09:00,51112.0
01/02/2012 09:00,51112.0
01/02/2012 10:15,101000.0
01/02/2012 10:17,142320.0
01/02/2012 10:45,91114.0
01/02/2012 11:10,142320.0
01/02/2012 11:48,266999.0
01/02/2012 11:57,41013.0
01/02/2012 12:00,67601.0
01/02/2012 12:00,65601.0
01/02/2012 12:15,31311.0
01/02/2012 12:50,41014.0
01/02/2012 13:00,67701.0
01/02/2012 13:00,130000.0
01/02/2012 13:30,92000.0
01/02/2012 13:30,182999.0
01/02/2012 13:43,178100.0
01/02/2012 14:00,51130.0
01/02/2012 14:20,182400.0
01/02/2012 14:40,51312.0
01/02/2012 14:59,182250.0
01/02/2012 15:00,32421.0
01/02/2012 15:00,51312.0
01/02/2012 15:15,91114.0
01/02/2012 15:15,91114.0
01/02/2012 15:57,151130.0
01/02/2012 16:00,51312.0
01/02/2012 16:00,41013.0
01/02/2012 16:31,265321.0
01/02/2012 16:55,151130.0
01/02/2012 17:05,182250.0
01/02/2012 17:30,71030.0
01/02/2012 17:55,31112.0
01/02/2012 18:00,42015.0
01/02/2012 18:25,241100.0
01/02/2012 18:30,64701.0
01/02/2012 18:30,264100.0
01/02/2012 18:45,31111.0
01/02/2012 18:49,182400.0
01/02/2012 19:00,182999.0
01/02/2012 19:00,51222.0
01/02/2012 19:00,65701.0
01/02/2012 19:00,67601.0
01/02/2012 19:10,142320.0
01/02/2012 19:41,36111.0
01/02/2012 19:57,130000.0
01/02/2012 20:00,71013.0
01/02/2012 20:00,91114.0
01/02/2012 20:00,142320.0
01/02/2012 20:03,142320.0
01/02/2012 20:08,41011.0
01/02/2012 20:15,266999.0
01/02/2012 20:20,241100.0
01/02/2012 21:00,264100.0
01/02/2012 21:25,263199.0
01/02/2012 21:30,71013.0
01/02/2012 21:55,182250.0
01/02/2012 22:00,51212.0
01/02/2012 22:00,65601.0
01/02/2012 22:10,51312.0
01/02/2012 22:30,142320.0
01/02/2012 22:30,43022.0
01/02/2012 23:20,265321.0
01/02/2012 23:37,64701.0
01/03/2011 10:00,69602.0
01/03/2011 14:00,71013.0
01/03/2011 15:30,52312.0
01/03/2012 00:01,142320.0
01/03/2012 00:10,91113.0
01/03/2012 00:55,142320.0
01/03/2012 00:55,91113.0
01/03/2012 02:03,71030.0
01/03/2012 03:00,142320.0
01/03/2012 03:00,142320.0
01/03/2012 04:10,142320.0
01/03/2012 04:50,266510.0
01/03/2012 05:04,142320.0
01/03/2012 05:22,71040.0
01/03/2012 06:01,71030.0
01/03/2012 06:30,69702.0
01/03/2012 06:50,142320.0
01/03/2012 07:00,51112.0
01/03/2012 07:30,51330.0
01/03/2012 08:00,130000.0
01/03/2012 08:00,264100.0
01/03/2012 09:00,51312.0
01/03/2012 09:30,91113.0
01/03/2012 10:00,51322.0
01/03/2012 10:00,64701.0
01/03/2012 10:01,115400.0
01/03/2012 10:30,69602.0
01/03/2012 10:31,103000.0
01/03/2012 11:00,263422.0
01/03/2012 11:02,51112.0
01/03/2012 11:05,266510.0
01/03/2012 11:14,266999.0
01/03/2012 11:15,42014.0
01/03/2012 11:25,142320.0
01/03/2012 11:30,142320.0
01/03/2012 11:46,182400.0
01/03/2012 11:46,266999.0
01/03/2012 12:00,65701.0
01/03/2012 12:02,33111.0
01/03/2012 12:45,182400.0
01/03/2012 12:45,21000.0
01/03/2012 12:52,182250.0
01/03/2012 13:00,69602.0
01/03/2012 13:30,71013.0
01/03/2012 14:00,51322.0
01/03/2012 14:00,51112.0
01/03/2012 14:00,51112.0
01/03/2012 14:00,264100.0
01/03/2012 14:07,63701.0
01/03/2012 14:07,115100.0
01/03/2012 14:25,182130.0
01/03/2012 14:30,65701.0
01/03/2012 14:37,115200.0
01/03/2012 14:55,92000.0
01/03/2012 15:00,241100.0
01/03/2012 15:18,181260.0
01/03/2012 15:30,63701.0
01/03/2012 15:40,142320.0
01/03/2012 15:55,91113.0
01/03/2012 16:00,51322.0
01/03/2012 16:00,71040.0
01/03/2012 16:00,65701.0
01/03/2012 16:05,264100.0
01/03/2012 16:07,63701.0
01/03/2012 16:49,182400.0
01/03/2012 17:00,51312.0
01/03/2012 17:00,65701.0
01/03/2012 17:00,51312.0
01/03/2012 17:00,52312.0
01/03/2012 17:37,182400.0
01/03/2012 18:00,65701.0
01/03/2012 18:09,69703.0
01/03/2012 18:30,65701.0
01/03/2012 18:30,64601.0
01/03/2012 18:49,91114.0
01/03/2012 18:49,91114.0
01/03/2012 18:49,91113.0
01/03/2012 18:49,91303.0
01/03/2012 18:49,91303.0
01/03/2012 19:00,142320.0
01/03/2012 19:02,266510.0
01/03/2012 19:15,65701.0
01/03/2012 19:15,41013.0
01/03/2012 19:35,142320.0
01/03/2012 20:00,65701.0
01/03/2012 20:00,91114.0
01/03/2012 20:05,241100.0
01/03/2012 20:14,151130.0
01/03/2012 20:22,41011.0
01/03/2012 20:22,41011.0
01/03/2012 20:22,41011.0
01/03/2012 20:55,241100.0
01/03/2012 21:00,51222.0
01/03/2012 21:18,151130.0
01/03/2012 21:28,182999.0
01/03/2012 22:00,142320.0
01/03/2012 22:00,69711.0
01/03/2012 22:00,71040.0
01/03/2012 22:00,41011.0
01/03/2012 22:12,51230.0
01/03/2012 22:52,151110.0
01/03/2012 23:00,64701.0
01/03/2012 23:00,142320.0
01/03/2012 23:00,51311.0
01/03/2012 23:25,91114.0
01/03/2012 23:30,63701.0
01/03/2012 23:40,182400.0
01/03/2012 23:55,91303.0
01/03/2012 23:58,182250.0
01/04/2012 00:15,91114.0
01/04/2012 00:30,64601.0
01/04/2012 00:40,142320.0
01/04/2012 00:40,42013.0
01/04/2012 00:40,42013.0
01/04/2012 00:48,51211.0
01/04/2012 01:15,64601.0
01/04/2012 02:25,52222.0
01/04/2012 04:00,52212.0
01/04/2012 04:00,65701.0
01/04/2012 04:08,64601.0
01/04/2012 04:35,43012.0
01/04/2012 05:20,34111.0
01/04/2012 05:30,67601.0
01/04/2012 06:00,64701.0
01/04/2012 06:00,64601.0
01/04/2012 06:30,51112.0
01/04/2012 07:00,51112.0
01/04/2012 07:30,151110.0
01/04/2012 07:45,142320.0
01/04/2012 07:50,51122.0
01/04/2012 08:08,142320.0
01/04/2012 08:30,182999.0
01/04/2012 09:00,103000.0
01/04/2012 09:15,51112.0
01/04/2012 09:28,265321.0
01/04/2012 09:36,266510.0
01/04/2012 09:40,69702.0
01/04/2012 10:00,241100.0
01/04/2012 10:00,67701.0
01/04/2012 10:00,69602.0
01/04/2012 10:00,101000.0
01/04/2012 10:11,266300.0
01/04/2012 10:40,23000.0
01/04/2012 10:42,51130.0
01/04/2012 11:00,182250.0
01/04/2012 11:00,64701.0
01/04/2012 11:00,51312.0
01/04/2012 11:08,33111.0
01/04/2012 11:10,182130.0
01/04/2012 11:19,142320.0
01/04/2012 11:24,182400.0
01/04/2012 11:30,91114.0
01/04/2012 11:34,182250.0
01/04/2012 11:34,266999.0
01/04/2012 11:37,266999.0
01/04/2012 11:52,151110.0
01/04/2012 12:00,65701.0
01/04/2012 12:00,51322.0
01/04/2012 12:00,71040.0
01/04/2012 12:00,91123.0
01/04/2012 12:00,43011.0
01/04/2012 12:05,41016.0
01/04/2012 12:10,91113.0
01/04/2012 12:15,182400.0
01/04/2012 12:45,64701.0
01/04/2012 12:45,130000.0
01/04/2012 13:00,65701.0
01/04/2012 13:10,63701.0
01/04/2012 13:10,241100.0
01/04/2012 13:30,52312.0
01/04/2012 13:32,65701.0
01/04/2012 14:28,67701.0
01/04/2012 14:30,67701.0
01/04/2012 14:30,91114.0
01/04/2012 14:30,182130.0
01/04/2012 14:30,266999.0
01/04/2012 14:34,44012.0
01/04/2012 14:37,103000.0
01/04/2012 15:00,142320.0
01/04/2012 15:15,91114.0
01/04/2012 15:20,51312.0
01/04/2012 15:30,178200.0
01/04/2012 15:30,51122.0
01/04/2012 15:45,64701.0
01/04/2012 15:45,151130.0
01/04/2012 15:48,91113.0
01/04/2012 15:48,91113.0
01/04/2012 16:10,241100.0
01/04/2012 16:14,69702.0
01/04/2012 16:28,266999.0
01/04/2012 16:30,51312.0
01/04/2012 16:40,211000.0
01/04/2012 17:00,64701.0
01/04/2012 17:00,69702.0
01/04/2012 17:14,43016.0
01/04/2012 17:14,91124.0
01/04/2012 17:15,142320.0
01/04/2012 17:24,69703.0
01/04/2012 17:30,101000.0
01/04/2012 18:00,51212.0
01/04/2012 18:00,241100.0
01/04/2012 18:00,65601.0
01/04/2012 18:10,91114.0
01/04/2012 18:30,69602.0
01/04/2012 19:00,52330.0
01/04/2012 19:00,67701.0
01/04/2012 19:10,63701.0
01/04/2012 19:40,91114.0
01/04/2012 19:50,142320.0
01/04/2012 19:55,51211.0
01/04/2012 20:00,142320.0
01/04/2012 20:00,64711.0
01/04/2012 20:00,21000.0
01/04/2012 20:30,266999.0
01/04/2012 20:30,182400.0
01/04/2012 20:45,142320.0
01/04/2012 20:55,43016.0
01/04/2012 20:55,91114.0
01/04/2012 21:00,91113.0
01/04/2012 21:12,266999.0
01/04/2012 21:12,182130.0
01/04/2012 21:30,51312.0
01/04/2012 21:40,91113.0
01/04/2012 21:51,182400.0
01/04/2012 22:00,142320.0
01/04/2012 22:22,263299.0
01/04/2012 22:25,103000.0
01/04/2012 23:00,91113.0
01/04/2012 23:00,51312.0
01/04/2012 23:22,263299.0
01/04/2012 23:45,67601.0
01/04/2012 23:46,151110.0
01/05/2012 00:18,42014.0
01/05/2012 00:20,250000.0
01/05/2012 00:40,42015.0
01/05/2012 00:45,182250.0
01/05/2012 01:00,71013.0
01/05/2012 01:20,43014.0
01/05/2012 01:30,51211.0
01/05/2012 01:50,64701.0
01/05/2012 02:00,65701.0
01/05/2012 02:45,31111.0
01/05/2012 03:00,71030.0
01/05/2012 04:45,51212.0
01/05/2012 05:30,42013.0
01/05/2012 06:00,51112.0
01/05/2012 06:20,67701.0
01/05/2012 06:30,142320.0
01/05/2012 06:45,42014.0
01/05/2012 07:00,142320.0
01/05/2012 07:00,51312.0
01/05/2012 07:30,51122.0
01/05/2012 07:30,51322.0
01/05/2012 08:00,51312.0
01/05/2012 08:00,142320.0
01/05/2012 08:00,63701.0
01/05/2012 08:00,65701.0
01/05/2012 08:11,52112.0
01/05/2012 08:15,266999.0
01/05/2012 09:00,51112.0
01/05/2012 09:00,69702.0
01/05/2012 09:00,117000.0
01/05/2012 09:06,266999.0
01/05/2012 09:30,250000.0
01/05/2012 09:30,51130.0
01/05/2012 09:40,142320.0
01/05/2012 09:50,63701.0
01/05/2012 10:00,64701.0
01/05/2012 10:00,241100.0
01/05/2012 10:30,51312.0
01/05/2012 10:30,69602.0
01/05/2012 10:45,65701.0
01/05/2012 10:49,63701.0
01/05/2012 10:50,91113.0
01/05/2012 11:00,69602.0
01/05/2012 11:00,92000.0
01/05/2012 11:00,69702.0
01/05/2012 11:15,71013.0
01/05/2012 11:42,182400.0
01/05/2012 11:48,182400.0
01/05/2012 11:50,241100.0
01/05/2012 12:20,182400.0
01/05/2012 12:33,117000.0
01/05/2012 12:48,266999.0
01/05/2012 12:50,182400.0
01/05/2012 12:54,182130.0
01/05/2012 13:00,51322.0
01/05/2012 14:00,64601.0
01/05/2012 14:00,65701.0
01/05/2012 14:00,65601.0
01/05/2012 14:06,69602.0
01/05/2012 14:30,65701.0
01/05/2012 14:31,182999.0
01/05/2012 14:35,36111.0
01/05/2012 14:45,67601.0
01/05/2012 15:00,51312.0
01/05/2012 15:00,65601.0
01/05/2012 15:27,69711.0
01/05/2012 15:30,64601.0
01/05/2012 15:30,63701.0
01/05/2012 15:44,266100.0
01/05/2012 15:50,182260.0
01/05/2012 16:00,65701.0
01/05/2012 16:00,142320.0
01/05/2012 16:13,151130.0
01/05/2012 16:30,51312.0
01/05/2012 16:30,67601.0
01/05/2012 16:40,263141.0
01/05/2012 16:45,52312.0
01/05/2012 16:50,43022.0
01/05/2012 16:50,43012.0
01/05/2012 16:55,63701.0
01/05/2012 16:58,204100.0
01/05/2012 17:00,71013.0
01/05/2012 17:00,91113.0
01/05/2012 17:00,142320.0
01/05/2012 17:25,91113.0
01/05/2012 17:30,51312.0
01/05/2012 18:00,91113.0
01/05/2012 18:00,51212.0
01/05/2012 18:00,64601.0
01/05/2012 18:30,65701.0
01/05/2012 18:30,91114.0
01/05/2012 18:32,67601.0
01/05/2012 18:40,91113.0
01/05/2012 18:45,64711.0
01/05/2012 18:50,71030.0
01/05/2012 19:00,65701.0
01/05/2012 19:00,142320.0
01/05/2012 19:07,182400.0
01/05/2012 19:10,182400.0
01/05/2012 19:17,67701.0
01/05/2012 19:30,142320.0
01/05/2012 19:30,65601.0
01/05/2012 19:30,182999.0
01/05/2012 19:30,83000.0
01/05/2012 19:31,182250.0
01/05/2012 19:41,130000.0
01/05/2012 19:45,91113.0
01/05/2012 20:00,65701.0
01/05/2012 20:00,64701.0
01/05/2012 20:00,71040.0
01/05/2012 20:17,266999.0
01/05/2012 20:30,142320.0
01/05/2012 20:38,182999.0
01/05/2012 20:40,152200.0
01/05/2012 20:51,142320.0
01/05/2012 20:57,32411.0
01/05/2012 21:00,69702.0
01/05/2012 21:00,65701.0
01/05/2012 21:00,71013.0
01/05/2012 21:00,71013.0
01/05/2012 21:01,41011.0
01/05/2012 21:09,182999.0
01/05/2012 21:45,142320.0
01/05/2012 22:00,73330.0
01/05/2012 22:00,51322.0
01/05/2012 22:00,91113.0
01/05/2012 22:30,67601.0
01/05/2012 23:00,71040.0
01/05/2012 23:00,64601.0
01/05/2012 23:00,71040.0
01/05/2012 23:11,241100.0
01/05/2012 23:33,42013.0
01/05/2012 23:34,91113.0
01/05/2012 23:34,91113.0
01/06/2011 09:00,64711.0
01/06/2011 21:00,65701.0
01/06/2012 00:40,63701.0
01/06/2012 01:00,71013.0
01/06/2012 01:00,71030.0
01/06/2012 01:20,71030.0
01/06/2012 01:43,43013.0
01/06/2012 01:43,91114.0
01/06/2012 03:10,52212.0
01/06/2012 03:15,69602.0
01/06/2012 04:00,142320.0
01/06/2012 04:55,65601.0
01/06/2012 05:15,142320.0
01/06/2012 06:25,69711.0
01/06/2012 06:30,71030.0
01/06/2012 06:42,65601.0
01/06/2012 07:15,91123.0
01/06/2012 07:30,65701.0
01/06/2012 07:30,51122.0
01/06/2012 08:00,67701.0
01/06/2012 08:30,67701.0
01/06/2012 09:00,91114.0
01/06/2012 09:00,266999.0
01/06/2012 09:00,266999.0
01/06/2012 09:00,266999.0
01/06/2012 09:15,51112.0
01/06/2012 10:00,67701.0
01/06/2012 10:05,69603.0
01/06/2012 10:15,182400.0
01/06/2012 10:15,241100.0
01/06/2012 10:15,91113.0
01/06/2012 10:15,91113.0
01/06/2012 11:05,182130.0
01/06/2012 11:23,44012.0
01/06/2012 11:33,229999.0
01/06/2012 11:45,63701.0
01/06/2012 11:52,266400.0
01/06/2012 12:00,115400.0
01/06/2012 12:01,112010.0
01/06/2012 12:10,182250.0
01/06/2012 12:20,142320.0
01/06/2012 12:20,51112.0
01/06/2012 12:25,63701.0
01/06/2012 12:28,266100.0
01/06/2012 12:50,241100.0
01/06/2012 13:00,71013.0
01/06/2012 13:00,67601.0
01/06/2012 13:10,91123.0
01/06/2012 13:30,266510.0
01/06/2012 13:30,69702.0
01/06/2012 13:32,182130.0
01/06/2012 13:35,51122.0
01/06/2012 13:49,51122.0
01/06/2012 13:50,42015.0
01/06/2012 13:58,182999.0
01/06/2012 14:00,264100.0
01/06/2012 14:00,51322.0
01/06/2012 14:00,67601.0
01/06/2012 14:00,51112.0
01/06/2012 14:00,241100.0
01/06/2012 14:15,182250.0
01/06/2012 14:20,41011.0
01/06/2012 14:22,182130.0
01/06/2012 14:27,241100.0
01/06/2012 14:35,182130.0
01/06/2012 15:00,91113.0
01/06/2012 15:00,64701.0
01/06/2012 15:00,142320.0
01/06/2012 15:00,64701.0
01/06/2012 15:03,264100.0
01/06/2012 15:30,64701.0
01/06/2012 15:39,42013.0
01/06/2012 15:50,91113.0
01/06/2012 15:52,266510.0
01/06/2012 16:00,51122.0
01/06/2012 16:00,142320.0
01/06/2012 16:00,266999.0
01/06/2012 16:00,67701.0
01/06/2012 16:30,51312.0
01/06/2012 16:30,43012.0
01/06/2012 16:30,91113.0
01/06/2012 16:45,266510.0
01/06/2012 16:48,69602.0
01/06/2012 16:50,43023.0
01/06/2012 16:50,43023.0
01/06/2012 16:50,43023.0
01/06/2012 16:57,63701.0
01/06/2012 17:00,142320.0
01/06/2012 17:12,266999.0
01/06/2012 17:15,91113.0
01/06/2012 17:15,91123.0
01/06/2012 17:15,91123.0
01/06/2012 17:34,65701.0
01/06/2012 17:45,62701.0
01/06/2012 18:00,51212.0
01/06/2012 18:00,51222.0
01/06/2012 18:33,142320.0
01/06/2012 19:00,142320.0
01/06/2012 19:00,266999.0
01/06/2012 19:15,51212.0
01/06/2012 19:28,91113.0
01/06/2012 19:30,66701.0
01/06/2012 19:30,65701.0
01/06/2012 19:30,142320.0
01/06/2012 19:36,31111.0
01/06/2012 20:00,71013.0
01/06/2012 20:00,71040.0
01/06/2012 20:00,142320.0
01/06/2012 20:00,65701.0
01/06/2012 20:00,71013.0
01/06/2012 20:30,71013.0
01/06/2012 20:30,71040.0
01/06/2012 20:40,151130.0
01/06/2012 20:40,182999.0
01/06/2012 21:00,179220.0
01/06/2012 21:00,71030.0
01/06/2012 21:08,151130.0
01/06/2012 21:15,69703.0
01/06/2012 21:20,92000.0
01/06/2012 21:20,92000.0
01/06/2012 21:30,142320.0
01/06/2012 21:30,31111.0
01/06/2012 21:30,64701.0
01/06/2012 21:30,41016.0
01/06/2012 22:00,65701.0
01/06/2012 22:00,65701.0
01/06/2012 22:00,71040.0
01/06/2012 22:04,91114.0
01/06/2012 22:04,91124.0
01/06/2012 22:10,182130.0
01/06/2012 22:17,241100.0
01/06/2012 22:20,91114.0
01/06/2012 22:30,64601.0
01/06/2012 22:30,71030.0
01/06/2012 22:37,266510.0
01/06/2012 22:45,64701.0
01/06/2012 23:00,266999.0
01/06/2012 23:00,71030.0
01/06/2012 23:00,67601.0
01/06/2012 23:30,91114.0
01/06/2012 23:30,91114.0
01/06/2012 23:30,64701.0
01/06/2012 23:30,72140.0
01/06/2012 23:37,211000.0
01/07/2011 23:30,43013.0
01/07/2012 00:01,211000.0
01/07/2012 00:15,69702.0
01/07/2012 00:18,64601.0
01/07/2012 01:19,263299.0
01/07/2012 01:55,67601.0
01/07/2012 01:55,62701.0
01/07/2012 02:00,44015.0
01/07/2012 02:30,211000.0
01/07/2012 02:35,142320.0
01/07/2012 03:00,67601.0
01/07/2012 03:00,43012.0
01/07/2012 03:35,23000.0
01/07/2012 04:02,266510.0
01/07/2012 04:16,63701.0
01/07/2012 06:00,51312.0
01/07/2012 06:00,67701.0
01/07/2012 06:29,142320.0
01/07/2012 07:00,44012.0
01/07/2012 07:53,266510.0
01/07/2012 07:55,265321.0
01/07/2012 08:00,64701.0
01/07/2012 08:15,241100.0
01/07/2012 08:15,51322.0
01/07/2012 08:30,266520.0
01/07/2012 08:40,31111.0
01/07/2012 09:30,65601.0
01/07/2012 10:00,10000.0
01/07/2012 10:00,51130.0
01/07/2012 10:00,64701.0
01/07/2012 10:00,51111.0
01/07/2012 10:00,64701.0
01/07/2012 10:06,266999.0
01/07/2012 10:15,115200.0
01/07/2012 10:24,182400.0
01/07/2012 10:27,43012.0
01/07/2012 10:27,43012.0
01/07/2012 10:27,43013.0
01/07/2012 10:47,64701.0
01/07/2012 10:55,142320.0
01/07/2012 11:00,51122.0
01/07/2012 11:18,250000.0
01/07/2012 11:19,261100.0
01/07/2012 12:00,51312.0
01/07/2012 12:30,64601.0
01/07/2012 13:00,64701.0
01/07/2012 13:00,51322.0
01/07/2012 13:10,91114.0
01/07/2012 13:10,43016.0
01/07/2012 13:45,264100.0
01/07/2012 13:47,266510.0
01/07/2012 13:51,67701.0
01/07/2012 14:00,64601.0
01/07/2012 14:10,91113.0
01/07/2012 14:30,91114.0
01/07/2012 14:30,31421.0
01/07/2012 14:30,65601.0
01/07/2012 14:50,142320.0
01/07/2012 15:35,41011.0
01/07/2012 15:42,266510.0
01/07/2012 15:45,41013.0
01/07/2012 16:00,51130.0
01/07/2012 16:07,64701.0
01/07/2012 16:20,229999.0
01/07/2012 16:35,67601.0
01/07/2012 16:50,43023.0
01/07/2012 16:50,43023.0
01/07/2012 17:10,211000.0
01/07/2012 17:50,142320.0
01/07/2012 18:00,71013.0
01/07/2012 18:00,51312.0
01/07/2012 18:00,71013.0
01/07/2012 18:13,103000.0
01/07/2012 18:15,85000.0
01/07/2012 18:15,85000.0
01/07/2012 18:30,142320.0
01/07/2012 19:00,51330.0
01/07/2012 19:00,71013.0
01/07/2012 19:30,142320.0
01/07/2012 19:30,71030.0
01/07/2012 19:30,71040.0
01/07/2012 19:50,142320.0
01/07/2012 20:00,151130.0
01/07/2012 20:00,65601.0
01/07/2012 20:00,51212.0
01/07/2012 20:15,31421.0
01/07/2012 20:40,241100.0
01/07/2012 20:58,69702.0
01/07/2012 21:00,266999.0
01/07/2012 21:30,65701.0
01/07/2012 21:30,91114.0
01/07/2012 21:40,142320.0
01/07/2012 21:56,266999.0
01/07/2012 22:00,64711.0
01/07/2012 22:00,64701.0
01/07/2012 22:00,64601.0
01/07/2012 22:21,91113.0
01/07/2012 22:30,142320.0
01/07/2012 22:30,64701.0
01/07/2012 22:52,182130.0
01/07/2012 23:00,64701.0
01/07/2012 23:15,222300.0
01/07/2012 23:45,72113.0
01/07/2012 23:45,42014.0
01/07/2012 23:45,32111.0
01/07/2012 23:55,142320.0
01/08/2012 00:01,91113.0
01/08/2012 00:01,65601.0
01/08/2012 00:08,142320.0
01/08/2012 00:30,71030.0
01/08/2012 00:33,182400.0
01/08/2012 01:00,71040.0
01/08/2012 01:20,241100.0
01/08/2012 02:00,91113.0
01/08/2012 02:00,71013.0
01/08/2012 02:00,142320.0
01/08/2012 02:30,182130.0
01/08/2012 02:44,241100.0
01/08/2012 02:45,142320.0
01/08/2012 03:00,65701.0
01/08/2012 03:40,91113.0
01/08/2012 03:40,91114.0
01/08/2012 03:40,91113.0
01/08/2012 04:20,71040.0
01/08/2012 06:25,265321.0
01/08/2012 06:30,71013.0
01/08/2012 08:30,69702.0
01/08/2012 09:00,67701.0
01/08/2012 09:15,51122.0
01/08/2012 09:30,67601.0
01/08/2012 10:00,142320.0
01/08/2012 10:30,51122.0
01/08/2012 10:50,31422.0
01/08/2012 11:00,209999.0
01/08/2012 11:09,182250.0
01/08/2012 11:30,67601.0
01/08/2012 11:40,266510.0
01/08/2012 12:00,42015.0
01/08/2012 12:00,42025.0
01/08/2012 12:00,91124.0
01/08/2012 12:00,71013.0
01/08/2012 12:01,64701.0
01/08/2012 12:45,31111.0
01/08/2012 13:00,121000.0
01/08/2012 13:25,241100.0
01/08/2012 13:30,71030.0
01/08/2012 13:30,229999.0
01/08/2012 14:15,64601.0
01/08/2012 15:00,91114.0
01/08/2012 15:00,51312.0
01/08/2012 15:00,65701.0
01/08/2012 15:10,266999.0
01/08/2012 15:10,91114.0
01/08/2012 15:10,91114.0
01/08/2012 15:48,91123.0
01/08/2012 15:50,91113.0
01/08/2012 15:53,51112.0
01/08/2012 16:00,71013.0
01/08/2012 16:00,91123.0
01/08/2012 16:00,266510.0
01/08/2012 16:18,63701.0
01/08/2012 16:53,10000.0
01/08/2012 16:53,10000.0
01/08/2012 17:00,73313.0
01/08/2012 17:00,52121.0
01/08/2012 17:30,63701.0
01/08/2012 17:41,43015.0
01/08/2012 17:56,142320.0
01/08/2012 18:00,51330.0
01/08/2012 18:00,36111.0
01/08/2012 18:10,65701.0
01/08/2012 18:30,266510.0
01/08/2012 18:35,266510.0
01/08/2012 19:00,71040.0
01/08/2012 19:00,103000.0
01/08/2012 19:49,83000.0
01/08/2012 19:55,266510.0
01/08/2012 20:00,142320.0
01/08/2012 20:00,64601.0
01/08/2012 20:51,182999.0
01/08/2012 20:57,69702.0
01/08/2012 21:00,91113.0
01/08/2012 21:00,65701.0
01/08/2012 21:00,71013.0
01/08/2012 21:24,263299.0
01/08/2012 21:30,65701.0
01/08/2012 21:45,31421.0
01/08/2012 22:05,266999.0
01/08/2012 22:15,72113.0
01/08/2012 22:30,65701.0
01/08/2012 22:50,142320.0
01/08/2012 23:00,71013.0
01/08/2012 23:00,52312.0
01/08/2012 23:00,182400.0
01/08/2012 23:00,266999.0
01/08/2012 23:15,31421.0
01/08/2012 23:30,51322.0
01/08/2012 23:55,266999.0
01/08/2012 23:55,241100.0
01/09/2011 13:00,266510.0
01/09/2012 00:01,65701.0
01/09/2012 00:01,65701.0
01/09/2012 00:50,64711.0
01/09/2012 01:00,65701.0
01/09/2012 01:27,52212.0
01/09/2012 02:45,31111.0
01/09/2012 03:00,142320.0
01/09/2012 03:25,71030.0
01/09/2012 05:00,51312.0
01/09/2012 07:00,69702.0
01/09/2012 07:15,51121.0
01/09/2012 08:00,65601.0
01/09/2012 08:00,51112.0
01/09/2012 08:00,65701.0
01/09/2012 08:05,182250.0
01/09/2012 08:45,112010.0
01/09/2012 08:50,51112.0
01/09/2012 09:00,65701.0
01/09/2012 09:00,69702.0
01/09/2012 09:24,33421.0
01/09/2012 09:30,92000.0
01/09/2012 10:00,71040.0
01/09/2012 10:00,142320.0
01/09/2012 10:00,92000.0
01/09/2012 10:00,142320.0
01/09/2012 10:00,51112.0
01/09/2012 10:00,69602.0
01/09/2012 10:10,115400.0
01/09/2012 10:17,266300.0
01/09/2012 10:25,51112.0
01/09/2012 10:30,51112.0
01/09/2012 10:30,71013.0
01/09/2012 10:34,151130.0
01/09/2012 10:37,182400.0
01/09/2012 10:40,182130.0
01/09/2012 10:50,91114.0
01/09/2012 10:50,91124.0
01/09/2012 10:55,42014.0
01/09/2012 11:00,69602.0
01/09/2012 11:02,67701.0
01/09/2012 11:15,51112.0
01/09/2012 11:17,241100.0
01/09/2012 11:31,263299.0
01/09/2012 11:42,266510.0
01/09/2012 12:00,69602.0
01/09/2012 12:00,51322.0
01/09/2012 12:25,63701.0
01/09/2012 12:30,142320.0
01/09/2012 12:30,182130.0
01/09/2012 12:31,266999.0
01/09/2012 12:45,266999.0
01/09/2012 13:00,51312.0
01/09/2012 13:00,69602.0
01/09/2012 13:00,64701.0
01/09/2012 13:00,51312.0
01/09/2012 13:02,264100.0
01/09/2012 13:28,67701.0
01/09/2012 13:30,69602.0
01/09/2012 13:44,112020.0
01/09/2012 14:05,241100.0
01/09/2012 14:06,266300.0
01/09/2012 14:09,31111.0
01/09/2012 14:15,51112.0
01/09/2012 14:30,71013.0
01/09/2012 14:45,63701.0
01/09/2012 15:00,51312.0
01/09/2012 15:00,142320.0
01/09/2012 15:00,51112.0
01/09/2012 15:05,91113.0
01/09/2012 15:05,43012.0
01/09/2012 15:15,91113.0
01/09/2012 15:30,65701.0
01/09/2012 15:40,91123.0
01/09/2012 15:40,91113.0
01/09/2012 15:40,91113.0
01/09/2012 16:00,64701.0
01/09/2012 16:30,71040.0
01/09/2012 16:44,83000.0
01/09/2012 16:48,31421.0
01/09/2012 16:50,142320.0
01/09/2012 16:52,91303.0
01/09/2012 16:52,91303.0
01/09/2012 16:52,91303.0
01/09/2012 17:30,31111.0
01/09/2012 17:38,266999.0
01/09/2012 17:45,175500.0
01/09/2012 17:46,65701.0
01/09/2012 18:00,92000.0
01/09/2012 18:00,71013.0
01/09/2012 18:00,91303.0
01/09/2012 18:00,91303.0
01/09/2012 18:00,91303.0
01/09/2012 18:00,91303.0
01/09/2012 18:00,91114.0
01/09/2012 18:00,51312.0
01/09/2012 18:15,51230.0
01/09/2012 18:30,63701.0
01/09/2012 18:38,211000.0
01/09/2012 18:47,31311.0
01/09/2012 19:00,71013.0
01/09/2012 19:00,71013.0
01/09/2012 19:00,71013.0
01/09/2012 19:30,31111.0
01/09/2012 19:45,71013.0
01/09/2012 19:50,266999.0
01/09/2012 19:50,142320.0
01/09/2012 20:00,65701.0
01/09/2012 20:00,71030.0
01/09/2012 20:40,182130.0
01/09/2012 21:00,71013.0
01/09/2012 21:15,182400.0
01/09/2012 21:30,142320.0
01/09/2012 21:30,266999.0
01/09/2012 21:30,69702.0
01/09/2012 21:53,263141.0
01/09/2012 22:00,71013.0
01/09/2012 22:00,229999.0
01/09/2012 22:00,72113.0
01/09/2012 22:35,265321.0
01/09/2012 22:53,182130.0
01/09/2012 23:00,64701.0
01/09/2012 23:38,182999.0
01/10/2011 14:00,64601.0
01/10/2012 00:01,71013.0
01/10/2012 00:05,182400.0
01/10/2012 00:10,31111.0
01/10/2012 01:00,71013.0
01/10/2012 01:30,71013.0
01/10/2012 01:50,64701.0
01/10/2012 02:02,52212.0
01/10/2012 02:03,51312.0
01/10/2012 03:00,71013.0
01/10/2012 03:45,91113.0
01/10/2012 05:14,266100.0
01/10/2012 06:00,67701.0
01/10/2012 06:00,51322.0
01/10/2012 06:01,71013.0
01/10/2012 06:15,142320.0
01/10/2012 06:34,71013.0
01/10/2012 06:45,31112.0
01/10/2012 07:00,51312.0
01/10/2012 07:30,51112.0
01/10/2012 08:00,52322.0
01/10/2012 08:25,71040.0
01/10/2012 08:30,65701.0
01/10/2012 09:00,51130.0
01/10/2012 09:00,51112.0
01/10/2012 09:00,91113.0
01/10/2012 09:00,91303.0
01/10/2012 09:05,32111.0
01/10/2012 09:25,31421.0
01/10/2012 09:25,115400.0
01/10/2012 10:00,63701.0
01/10/2012 10:31,266999.0
01/10/2012 10:32,182130.0
01/10/2012 10:40,32421.0
01/10/2012 11:00,182400.0
01/10/2012 11:00,142320.0
01/10/2012 11:00,69602.0
01/10/2012 11:00,261310.0
01/10/2012 11:22,91113.0
01/10/2012 11:30,51130.0
01/10/2012 11:41,229999.0
01/10/2012 11:45,91113.0
01/10/2012 11:50,266510.0
01/10/2012 11:55,63701.0
01/10/2012 12:00,72113.0
01/10/2012 12:17,263299.0
01/10/2012 12:25,229999.0
01/10/2012 12:26,31111.0
01/10/2012 12:30,142320.0
01/10/2012 12:30,51312.0
01/10/2012 12:30,72113.0
01/10/2012 12:30,67701.0
01/10/2012 13:00,51122.0
01/10/2012 13:06,67701.0
01/10/2012 13:10,182400.0
01/10/2012 13:20,241300.0
01/10/2012 13:27,250000.0
01/10/2012 13:40,31421.0
01/10/2012 13:50,250000.0
01/10/2012 13:53,41011.0
01/10/2012 14:03,182400.0
01/10/2012 14:20,41203.0
01/10/2012 14:20,43203.0
01/10/2012 14:20,43203.0
01/10/2012 14:20,43203.0
01/10/2012 14:20,43011.0
01/10/2012 14:25,241100.0
01/10/2012 14:40,250000.0
01/10/2012 15:00,69602.0
01/10/2012 15:24,91114.0
01/10/2012 15:25,42016.0
01/10/2012 15:43,32311.0
01/10/2012 15:45,67601.0
01/10/2012 16:00,71013.0
01/10/2012 16:00,71013.0
01/10/2012 16:00,65701.0
01/10/2012 17:00,64601.0
01/10/2012 17:20,142320.0
01/10/2012 17:30,71030.0
01/10/2012 17:50,63701.0
01/10/2012 18:00,71013.0
01/10/2012 18:00,142320.0
01/10/2012 18:00,142320.0
01/10/2012 18:00,91113.0
01/10/2012 18:23,91123.0
01/10/2012 18:24,31111.0
01/10/2012 18:41,151130.0
01/10/2012 19:00,69602.0
01/10/2012 19:00,69703.0
01/10/2012 19:15,182400.0
01/10/2012 19:27,52222.0
01/10/2012 19:30,65601.0
01/10/2012 19:30,64701.0
01/10/2012 19:40,182400.0
01/10/2012 20:00,71013.0
01/10/2012 20:21,182999.0
01/10/2012 20:40,67601.0
01/10/2012 20:50,182250.0
01/10/2012 20:50,266999.0
01/10/2012 21:00,64701.0
01/10/2012 21:15,31111.0
01/10/2012 21:20,142320.0
01/10/2012 21:42,182130.0
01/10/2012 21:54,151130.0
01/10/2012 22:00,73330.0
01/10/2012 22:15,64701.0
01/10/2012 22:21,142320.0
01/10/2012 22:30,241100.0
01/10/2012 22:30,241100.0
01/10/2012 22:30,64701.0
01/10/2012 22:34,182130.0
01/10/2012 22:50,91114.0
01/10/2012 23:05,41011.0
01/10/2012 23:05,41011.0
01/10/2012 23:10,241100.0
01/10/2012 23:22,151130.0
01/10/2012 23:30,64701.0
01/10/2012 23:34,41011.0
01/10/2012 23:34,41011.0
01/11/2012 00:01,64701.0
01/11/2012 01:19,92000.0
01/11/2012 01:20,44012.0
01/11/2012 03:00,91113.0
01/11/2012 04:00,51322.0
01/11/2012 04:55,91114.0
01/11/2012 04:55,142320.0
01/11/2012 05:00,142320.0
01/11/2012 06:00,67701.0
01/11/2012 06:00,142320.0
01/11/2012 06:10,51122.0
01/11/2012 06:30,51112.0
01/11/2012 06:30,51112.0
01/11/2012 06:45,91114.0
01/11/2012 07:00,65701.0
01/11/2012 07:00,51122.0
01/11/2012 07:26,263421.0
01/11/2012 07:29,263422.0
01/11/2012 07:30,51312.0
01/11/2012 07:35,64601.0
01/11/2012 08:00,69602.0
01/11/2012 08:00,51112.0
01/11/2012 08:00,51312.0
01/11/2012 08:19,67701.0
01/11/2012 09:00,51312.0
01/11/2012 09:00,51312.0
01/11/2012 09:22,266300.0
01/11/2012 10:30,69702.0
01/11/2012 10:54,41013.0
01/11/2012 11:00,142320.0
01/11/2012 11:00,171300.0
01/11/2012 11:18,51122.0
01/11/2012 11:34,182130.0
01/11/2012 12:00,65701.0
01/11/2012 12:00,51122.0
01/11/2012 12:00,21000.0
01/11/2012 12:05,182400.0
01/11/2012 12:05,31111.0
01/11/2012 12:15,51111.0
01/11/2012 12:15,266999.0
01/11/2012 12:17,266999.0
01/11/2012 12:25,63701.0
01/11/2012 12:35,36421.0
01/11/2012 12:45,91113.0
01/11/2012 12:45,43013.0
01/11/2012 13:00,51122.0
01/11/2012 13:00,92000.0
01/11/2012 13:05,91114.0
01/11/2012 13:10,151130.0
01/11/2012 13:15,63701.0
01/11/2012 13:17,182250.0
01/11/2012 13:25,182400.0
01/11/2012 13:32,182999.0
01/11/2012 14:00,142320.0
01/11/2012 14:00,67701.0
01/11/2012 14:00,266999.0
01/11/2012 14:30,31111.0
01/11/2012 14:34,182400.0
01/11/2012 15:00,51312.0
01/11/2012 15:15,182130.0
01/11/2012 16:00,92000.0
01/11/2012 16:00,241100.0
01/11/2012 16:10,91123.0
01/11/2012 16:25,182130.0
01/11/2012 16:57,31422.0
01/11/2012 17:00,71030.0
01/11/2012 17:00,67701.0
01/11/2012 17:00,44015.0
01/11/2012 17:05,51112.0
01/11/2012 18:00,69602.0
01/11/2012 18:00,51222.0
01/11/2012 18:12,31421.0
01/11/2012 18:30,65701.0
01/11/2012 18:50,71013.0
01/11/2012 19:00,92000.0
01/11/2012 19:00,31111.0
01/11/2012 19:00,41016.0
01/11/2012 19:04,182999.0
01/11/2012 19:10,182400.0
01/11/2012 19:12,142320.0
01/11/2012 19:13,142320.0
01/11/2012 19:25,64601.0
01/11/2012 19:30,64701.0
01/11/2012 19:30,266520.0
01/11/2012 19:37,142320.0
01/11/2012 19:45,142320.0
01/11/2012 20:00,211000.0
01/11/2012 20:00,71040.0
01/11/2012 20:00,91114.0
01/11/2012 20:00,64701.0
01/11/2012 20:25,181260.0
01/11/2012 20:40,63701.0
01/11/2012 21:00,64601.0
01/11/2012 21:20,182400.0
01/11/2012 21:20,91114.0
01/11/2012 21:25,91114.0
01/11/2012 21:30,64701.0
01/11/2012 21:30,31421.0
01/11/2012 21:40,31422.0
01/11/2012 21:50,91114.0
01/11/2012 21:55,182250.0
01/11/2012 23:00,31111.0
01/11/2012 23:20,41011.0
01/11/2012 23:20,41011.0
01/11/2012 23:20,41011.0
01/11/2012 23:20,266999.0
01/11/2012 23:23,63701.0
01/11/2012 23:30,71013.0
01/12/2012 00:01,64601.0
01/12/2012 00:10,182400.0
01/12/2012 00:30,241100.0
01/12/2012 00:37,91114.0
01/12/2012 00:58,182999.0
01/12/2012 01:00,142320.0
01/12/2012 02:00,52322.0
01/12/2012 02:29,52222.0
01/12/2012 03:43,63701.0
01/12/2012 04:04,52230.0
01/12/2012 05:00,265321.0
01/12/2012 05:45,51312.0
01/12/2012 06:00,71030.0
01/12/2012 06:45,71013.0
01/12/2012 07:10,42016.0
01/12/2012 07:15,63701.0
01/12/2012 07:40,51322.0
01/12/2012 08:00,51122.0
01/12/2012 08:55,241100.0
01/12/2012 08:55,266999.0
01/12/2012 09:00,64711.0
01/12/2012 09:10,265321.0
01/12/2012 09:15,51112.0
01/12/2012 09:30,91114.0
01/12/2012 10:55,67701.0
01/12/2012 11:00,241300.0
01/12/2012 11:27,115100.0
01/12/2012 11:28,266510.0
01/12/2012 11:29,67701.0
01/12/2012 12:05,91123.0
01/12/2012 12:10,67701.0
01/12/2012 13:00,266999.0
01/12/2012 13:00,51312.0
01/12/2012 13:13,182250.0
01/12/2012 13:20,130000.0
01/12/2012 14:00,36111.0
01/12/2012 14:00,67701.0
01/12/2012 14:00,65701.0
01/12/2012 14:10,266510.0
01/12/2012 14:23,182999.0
01/12/2012 14:30,91114.0
01/12/2012 14:31,91123.0
01/12/2012 14:50,63701.0
01/12/2012 15:00,73413.0
01/12/2012 15:00,71013.0
01/12/2012 15:15,69702.0
01/12/2012 16:00,67701.0
01/12/2012 16:00,64601.0
01/12/2012 16:03,182130.0
01/12/2012 16:30,142320.0
01/12/2012 16:30,52312.0
01/12/2012 16:35,71030.0
01/12/2012 16:43,61701.0
01/12/2012 18:00,65701.0
01/12/2012 19:00,65701.0
01/12/2012 19:00,67701.0
01/12/2012 19:15,63701.0
01/12/2012 19:30,64701.0
01/12/2012 19:35,63701.0
01/12/2012 20:00,67601.0
01/12/2012 20:00,51322.0
01/12/2012 20:45,31111.0
01/12/2012 21:00,65701.0
01/12/2012 21:15,51230.0
01/12/2012 21:30,64601.0
01/12/2012 21:47,35312.0
01/12/2012 22:00,71030.0
01/12/2012 22:00,51312.0
01/12/2012 23:30,82000.0
01/13/2012 00:01,64601.0
01/13/2012 00:12,142320.0
01/13/2012 00:30,64701.0
01/13/2012 00:43,130000.0
01/13/2012 01:30,32111.0
01/13/2012 01:40,241100.0
01/13/2012 02:40,51312.0
01/13/2012 04:30,51312.0
01/13/2012 06:00,43015.0
01/13/2012 06:30,65701.0
01/13/2012 07:00,241100.0
01/13/2012 07:15,69702.0
01/13/2012 08:42,69602.0
01/13/2012 09:00,51112.0
01/13/2012 09:00,266999.0
01/13/2012 09:00,65701.0
01/13/2012 09:00,266999.0
01/13/2012 09:00,266999.0
01/13/2012 09:15,142320.0
01/13/2012 10:43,67701.0
01/13/2012 11:00,67601.0
01/13/2012 11:22,51122.0
01/13/2012 12:00,69602.0
01/13/2012 12:00,51322.0
01/13/2012 12:00,51312.0
01/13/2012 12:00,115400.0
01/13/2012 12:02,182400.0
01/13/2012 12:15,241100.0
01/13/2012 12:21,182130.0
01/13/2012 12:25,142320.0
01/13/2012 13:00,121000.0
01/13/2012 13:20,71030.0
01/13/2012 13:22,182250.0
01/13/2012 13:40,115100.0
01/13/2012 13:50,71013.0
01/13/2012 14:00,142320.0
01/13/2012 14:05,63701.0
01/13/2012 14:08,182130.0
01/13/2012 15:00,142320.0
01/13/2012 15:00,51322.0
01/13/2012 15:13,64601.0
01/13/2012 15:18,182250.0
01/13/2012 15:20,69603.0
01/13/2012 16:00,172100.0
01/13/2012 16:15,67701.0
01/13/2012 17:00,142320.0
01/13/2012 17:00,71030.0
01/13/2012 17:00,142320.0
01/13/2012 17:00,72113.0
01/13/2012 17:12,211000.0
01/13/2012 17:30,51322.0
01/13/2012 17:30,71013.0
01/13/2012 18:50,91114.0
01/13/2012 18:50,64701.0
01/13/2012 18:55,41011.0
01/13/2012 18:55,41011.0
01/13/2012 18:55,41021.0
01/13/2012 18:55,41021.0
01/13/2012 18:55,41011.0
01/13/2012 18:55,41021.0
01/13/2012 18:55,41021.0
01/13/2012 19:00,71013.0
01/13/2012 19:10,51230.0
01/13/2012 19:40,43011.0
01/13/2012 19:45,64701.0
01/13/2012 20:00,64701.0
01/13/2012 20:00,63701.0
01/13/2012 20:00,91114.0
01/13/2012 20:01,35422.0
01/13/2012 20:15,241100.0
01/13/2012 20:25,142320.0
01/13/2012 21:00,91114.0
01/13/2012 21:00,71040.0
01/13/2012 21:15,142320.0
01/13/2012 21:43,121000.0
01/13/2012 21:49,265321.0
01/13/2012 22:00,142320.0
01/13/2012 22:00,81000.0
01/13/2012 22:00,142320.0
01/13/2012 22:00,103000.0
01/13/2012 22:25,151110.0
01/13/2012 22:30,71013.0
01/13/2012 22:30,64701.0
01/13/2012 23:00,65701.0
01/13/2012 23:15,142320.0
01/13/2012 23:15,263120.0
01/13/2012 23:30,52322.0
01/13/2012 23:30,43026.0
01/13/2012 23:30,91114.0
01/13/2012 23:45,64701.0
01/14/2011 19:15,72140.0
01/14/2011 22:30,65601.0
01/14/2012 00:01,51312.0
01/14/2012 00:20,142320.0
01/14/2012 00:57,266999.0
01/14/2012 01:00,43016.0
01/14/2012 01:00,44015.0
01/14/2012 01:10,43013.0
01/14/2012 01:15,182130.0
01/14/2012 01:27,211000.0
01/14/2012 01:40,21000.0
01/14/2012 01:55,211000.0
01/14/2012 02:00,142320.0
01/14/2012 02:15,44013.0
01/14/2012 02:24,91113.0
01/14/2012 02:26,265321.0
01/14/2012 02:40,142320.0
01/14/2012 03:15,83000.0
01/14/2012 03:15,83000.0
01/14/2012 04:22,36111.0
01/14/2012 04:50,43012.0
01/14/2012 07:30,51112.0
01/14/2012 09:00,67701.0
01/14/2012 09:01,182130.0
01/14/2012 09:24,142320.0
01/14/2012 09:30,71013.0
01/14/2012 09:45,266100.0
01/14/2012 10:00,51112.0
01/14/2012 10:30,67701.0
01/14/2012 10:30,51112.0
01/14/2012 11:00,51312.0
01/14/2012 11:00,72113.0
01/14/2012 11:30,65601.0
01/14/2012 11:45,71030.0
01/14/2012 11:45,71030.0
01/14/2012 12:00,65701.0
01/14/2012 12:00,67601.0
01/14/2012 12:00,69602.0
01/14/2012 12:10,266999.0
01/14/2012 12:10,265321.0
01/14/2012 12:25,69702.0
01/14/2012 12:30,92000.0
01/14/2012 12:35,182400.0
01/14/2012 12:45,64701.0
01/14/2012 13:00,67701.0
01/14/2012 13:00,264100.0
01/14/2012 13:15,264100.0
01/14/2012 13:23,182400.0
01/14/2012 13:23,266999.0
01/14/2012 13:30,142320.0
01/14/2012 14:16,182999.0
01/14/2012 14:51,266510.0
01/14/2012 15:00,64701.0
01/14/2012 15:00,142320.0
01/14/2012 15:30,67601.0
01/14/2012 15:39,182999.0
01/14/2012 16:00,51322.0
01/14/2012 17:00,142320.0
01/14/2012 17:00,51312.0
01/14/2012 17:57,182130.0
01/14/2012 18:00,64711.0
01/14/2012 18:00,51322.0
01/14/2012 18:20,266510.0
01/14/2012 18:56,266999.0
01/14/2012 19:00,65701.0
01/14/2012 19:00,64701.0
01/14/2012 19:40,91113.0
01/14/2012 19:40,91113.0
01/14/2012 19:40,266999.0
01/14/2012 19:45,142320.0
01/14/2012 20:00,65601.0
01/14/2012 20:00,182400.0
01/14/2012 20:00,64701.0
01/14/2012 21:00,65701.0
01/14/2012 21:00,64601.0
01/14/2012 21:12,10000.0
01/14/2012 21:30,71013.0
01/14/2012 22:00,67701.0
01/14/2012 22:38,182999.0
01/14/2012 22:41,142320.0
01/14/2012 22:45,91114.0
01/14/2012 22:55,52222.0
01/14/2012 23:00,64601.0
01/14/2012 23:00,142320.0
01/14/2012 23:00,63701.0
01/14/2012 23:45,211000.0
01/15/2011 11:40,182999.0
01/15/2012 00:30,52212.0
01/15/2012 00:33,182130.0
01/15/2012 00:51,52212.0
01/15/2012 01:47,250000.0
01/15/2012 02:00,142320.0
01/15/2012 02:15,21000.0
01/15/2012 02:57,91113.0
01/15/2012 03:00,142320.0
01/15/2012 03:00,91113.0
01/15/2012 03:34,91113.0
01/15/2012 03:34,91113.0
01/15/2012 03:38,182250.0
01/15/2012 03:40,91114.0
01/15/2012 06:25,69702.0
01/15/2012 08:00,71040.0
01/15/2012 08:29,266999.0
01/15/2012 08:40,142320.0
01/15/2012 09:00,91114.0
01/15/2012 09:00,71040.0
01/15/2012 09:30,51122.0
01/15/2012 10:00,65701.0
01/15/2012 10:00,51312.0
01/15/2012 10:00,51312.0
01/15/2012 11:30,51112.0
01/15/2012 12:00,71013.0
01/15/2012 12:05,63701.0
01/15/2012 12:15,91114.0
01/15/2012 12:15,91124.0
01/15/2012 12:15,91124.0
01/15/2012 12:15,91124.0
01/15/2012 12:15,91124.0
01/15/2012 12:20,142320.0
01/15/2012 12:30,51322.0
01/15/2012 12:30,241100.0
01/15/2012 12:35,91113.0
01/15/2012 14:00,241100.0
01/15/2012 14:00,51112.0
01/15/2012 14:10,41011.0
01/15/2012 14:30,91114.0
01/15/2012 14:30,91114.0
01/15/2012 14:40,69703.0
01/15/2012 15:00,43013.0
01/15/2012 15:00,142320.0
01/15/2012 15:05,142320.0
01/15/2012 15:30,117000.0
01/15/2012 15:31,64701.0
01/15/2012 15:31,266510.0
01/15/2012 15:33,266100.0
01/15/2012 15:42,142320.0
01/15/2012 15:45,63701.0
01/15/2012 15:49,266100.0
01/15/2012 16:00,64601.0
01/15/2012 16:00,52322.0
01/15/2012 16:00,265321.0
01/15/2012 16:15,31421.0
01/15/2012 16:45,31421.0
01/15/2012 17:00,64701.0
01/15/2012 17:20,241100.0
01/15/2012 17:20,266999.0
01/15/2012 17:30,31111.0
01/15/2012 17:45,142320.0
01/15/2012 18:00,69702.0
01/15/2012 18:00,71013.0
01/15/2012 18:08,266510.0
01/15/2012 18:15,71030.0
01/15/2012 18:30,91113.0
01/15/2012 18:30,71040.0
01/15/2012 18:30,51212.0
01/15/2012 18:45,63701.0
01/15/2012 18:53,142320.0
01/15/2012 18:55,41016.0
01/15/2012 19:00,142320.0
01/15/2012 19:00,71013.0
01/15/2012 19:00,83000.0
01/15/2012 19:00,64701.0
01/15/2012 19:00,83000.0
01/15/2012 19:10,182999.0
01/15/2012 19:20,91114.0
01/15/2012 19:25,265321.0
01/15/2012 20:00,43012.0
01/15/2012 20:00,69702.0
01/15/2012 20:00,142320.0
01/15/2012 20:25,142320.0
01/15/2012 21:00,182250.0
01/15/2012 21:00,71013.0
01/15/2012 21:00,69602.0
01/15/2012 21:05,71013.0
01/15/2012 21:30,51222.0
01/15/2012 21:30,91114.0
01/15/2012 21:55,63701.0
01/15/2012 22:00,142320.0
01/15/2012 22:25,42014.0
01/15/2012 22:25,42023.0
01/15/2012 22:30,64711.0
01/15/2012 22:55,91114.0
01/15/2012 23:15,142320.0
01/15/2012 23:30,72113.0
01/16/2012 00:01,64601.0
01/16/2012 00:01,51330.0
01/16/2012 00:06,31111.0
01/16/2012 00:10,52312.0
01/16/2012 00:59,10000.0
01/16/2012 01:00,142320.0
01/16/2012 01:30,64601.0
01/16/2012 02:05,142320.0
01/16/2012 02:30,71013.0
01/16/2012 02:41,241100.0
01/16/2012 06:54,241100.0
01/16/2012 07:00,64711.0
01/16/2012 07:30,51122.0
01/16/2012 07:45,64701.0
01/16/2012 08:29,51122.0
01/16/2012 09:00,65701.0
01/16/2012 09:00,51122.0
01/16/2012 09:00,51312.0
01/16/2012 10:09,63701.0
01/16/2012 10:09,69703.0
01/16/2012 10:11,130000.0
01/16/2012 10:30,51112.0
01/16/2012 10:30,142320.0
01/16/2012 10:51,64711.0
01/16/2012 11:00,73430.0
01/16/2012 11:00,91113.0
01/16/2012 11:05,67701.0
01/16/2012 11:24,266300.0
01/16/2012 12:00,142320.0
01/16/2012 12:00,142320.0
01/16/2012 12:00,51312.0
01/16/2012 12:00,112010.0
01/16/2012 12:15,43016.0
01/16/2012 12:33,264100.0
01/16/2012 12:57,63701.0
01/16/2012 13:00,51312.0
01/16/2012 13:00,68701.0
01/16/2012 13:15,64701.0
01/16/2012 13:30,51122.0
01/16/2012 13:30,64601.0
01/16/2012 13:58,265321.0
01/16/2012 14:00,51112.0
01/16/2012 14:00,142320.0
01/16/2012 14:48,91303.0
01/16/2012 14:48,91303.0
01/16/2012 14:50,182999.0
01/16/2012 15:00,65701.0
01/16/2012 15:00,64601.0
01/16/2012 15:00,69702.0
01/16/2012 15:00,64711.0
01/16/2012 15:00,182400.0
01/16/2012 15:08,52122.0
01/16/2012 15:30,63701.0
01/16/2012 15:50,91114.0
01/16/2012 16:00,51322.0
01/16/2012 16:00,51312.0
01/16/2012 16:30,69602.0
01/16/2012 16:45,142320.0
01/16/2012 16:45,67701.0
01/16/2012 16:57,65601.0
01/16/2012 17:00,71013.0
01/16/2012 17:10,43013.0
01/16/2012 17:10,43013.0
01/16/2012 17:21,182400.0
01/16/2012 17:40,115100.0
01/16/2012 17:50,31421.0
01/16/2012 17:54,64701.0
01/16/2012 18:00,69702.0
01/16/2012 18:24,229999.0
01/16/2012 18:49,31421.0
01/16/2012 18:59,182250.0
01/16/2012 19:00,69602.0
01/16/2012 19:00,142320.0
01/16/2012 19:10,63701.0
01/16/2012 19:30,64701.0
01/16/2012 19:30,67601.0
01/16/2012 19:35,51222.0
01/16/2012 19:35,51222.0
01/16/2012 19:36,182130.0
01/16/2012 19:40,151130.0
01/16/2012 19:57,182250.0
01/16/2012 20:00,51312.0
01/16/2012 20:00,103000.0
01/16/2012 20:00,71013.0
01/16/2012 20:00,182250.0
01/16/2012 20:04,31111.0
01/16/2012 20:14,91113.0
01/16/2012 20:30,142320.0
01/16/2012 20:35,241100.0
01/16/2012 20:40,64601.0
01/16/2012 20:57,229999.0
01/16/2012 21:00,31421.0
01/16/2012 21:25,142320.0
01/16/2012 21:30,64701.0
01/16/2012 21:30,182130.0
01/16/2012 21:32,142320.0
01/16/2012 21:48,182250.0
01/16/2012 21:50,51230.0
01/16/2012 22:00,67601.0
01/16/2012 23:00,67701.0
01/16/2012 23:03,211000.0
01/16/2012 23:25,65701.0
01/16/2012 23:45,64701.0
01/16/2012 23:54,91113.0
01/16/2012 23:54,91113.0
01/17/2012 00:05,91113.0
01/17/2012 00:05,91303.0
01/17/2012 00:20,91113.0
01/17/2012 00:30,65701.0
01/17/2012 00:45,142320.0
01/17/2012 00:50,142320.0
01/17/2012 01:10,241100.0
01/17/2012 01:44,266510.0
01/17/2012 02:10,142320.0
01/17/2012 06:15,182400.0
01/17/2012 06:30,51112.0
01/17/2012 06:30,91114.0
01/17/2012 06:45,51112.0
01/17/2012 06:58,64701.0
01/17/2012 07:00,51112.0
01/17/2012 07:00,51112.0
01/17/2012 07:30,69702.0
01/17/2012 07:45,69702.0
01/17/2012 07:50,72113.0
01/17/2012 08:00,71013.0
01/17/2012 08:00,71013.0
01/17/2012 08:00,71013.0
01/17/2012 08:00,69702.0
01/17/2012 08:00,71013.0
01/17/2012 08:30,71030.0
01/17/2012 08:45,142320.0
01/17/2012 09:00,241300.0
01/17/2012 09:00,51112.0
01/17/2012 09:30,51112.0
01/17/2012 09:38,266999.0
01/17/2012 09:40,182999.0
01/17/2012 09:53,266999.0
01/17/2012 11:20,31311.0
01/17/2012 11:30,266510.0
01/17/2012 11:40,71030.0
01/17/2012 12:00,64701.0
01/17/2012 12:00,65701.0
01/17/2012 12:00,65701.0
01/17/2012 12:17,183130.0
01/17/2012 12:42,266510.0
01/17/2012 12:42,266999.0
01/17/2012 13:01,69602.0
01/17/2012 13:26,103000.0
01/17/2012 13:30,142320.0
01/17/2012 13:48,142320.0
01/17/2012 13:50,31421.0
01/17/2012 14:33,130000.0
01/17/2012 15:00,71013.0
01/17/2012 15:29,182130.0
01/17/2012 15:40,142320.0
01/17/2012 15:55,250000.0
01/17/2012 16:00,71013.0
01/17/2012 16:00,142320.0
01/17/2012 16:20,71030.0
01/17/2012 16:25,261310.0
01/17/2012 16:51,130000.0
01/17/2012 17:00,142320.0
01/17/2012 17:30,64711.0
01/17/2012 17:30,71013.0
01/17/2012 17:30,71013.0
01/17/2012 17:31,182130.0
01/17/2012 17:43,182130.0
01/17/2012 18:00,71013.0
01/17/2012 18:10,43016.0
01/17/2012 18:15,178200.0
01/17/2012 18:30,142320.0
01/17/2012 18:40,263299.0
01/17/2012 19:00,142320.0
01/17/2012 19:00,266999.0
01/17/2012 19:00,31111.0
01/17/2012 19:30,63701.0
01/17/2012 19:30,151130.0
01/17/2012 20:00,65701.0
01/17/2012 20:25,31111.0
01/17/2012 20:30,43012.0
01/17/2012 20:35,241100.0
01/17/2012 20:35,266999.0
01/17/2012 20:45,91113.0
01/17/2012 20:45,91113.0
01/17/2012 20:47,263299.0
01/17/2012 21:25,182130.0
01/17/2012 21:45,10000.0
01/17/2012 21:45,41203.0
01/17/2012 21:45,41203.0
01/17/2012 21:45,41203.0
01/17/2012 21:45,41013.0
01/17/2012 21:45,41013.0
01/17/2012 21:45,41013.0
01/17/2012 21:45,10000.0
01/17/2012 22:07,92000.0
01/17/2012 22:25,182400.0
01/17/2012 22:37,151130.0
01/17/2012 23:04,65601.0
01/17/2012 23:10,67701.0
01/17/2012 23:30,142320.0
01/17/2012 23:49,72130.0
01/17/2012 23:49,67601.0
01/18/2012 00:01,71013.0
01/18/2012 00:15,142320.0
01/18/2012 00:40,142320.0
01/18/2012 00:49,182130.0
01/18/2012 01:30,21000.0
01/18/2012 03:06,65701.0
01/18/2012 04:00,142320.0
01/18/2012 05:00,91114.0
01/18/2012 05:30,91114.0
01/18/2012 07:00,51112.0
01/18/2012 07:30,67701.0
01/18/2012 07:40,266510.0
01/18/2012 08:00,51122.0
01/18/2012 08:00,69702.0
01/18/2012 08:15,64711.0
01/18/2012 08:20,51322.0
01/18/2012 08:25,121000.0
01/18/2012 08:28,41011.0
01/18/2012 08:45,51111.0
01/18/2012 09:05,71013.0
01/18/2012 09:07,266999.0
01/18/2012 09:12,263421.0
01/18/2012 09:12,263422.0
01/18/2012 09:15,142320.0
01/18/2012 09:32,182999.0
01/18/2012 09:45,65701.0
01/18/2012 09:45,241100.0
01/18/2012 10:00,266999.0
01/18/2012 10:00,182400.0
01/18/2012 10:00,264100.0
01/18/2012 10:15,51112.0
01/18/2012 10:15,51112.0
01/18/2012 10:30,69702.0
01/18/2012 10:30,51112.0
01/18/2012 10:45,142320.0
01/18/2012 11:30,71013.0
01/18/2012 12:00,71013.0
01/18/2012 12:00,51322.0
01/18/2012 12:00,64701.0
01/18/2012 12:30,182130.0
01/18/2012 12:34,10000.0
01/18/2012 12:43,64711.0
01/18/2012 13:00,64701.0
01/18/2012 13:35,182130.0
01/18/2012 13:40,182400.0
01/18/2012 13:50,91113.0
01/18/2012 13:59,204200.0
01/18/2012 14:00,31111.0
01/18/2012 14:22,51112.0
01/18/2012 14:45,71013.0
01/18/2012 15:00,91123.0
01/18/2012 15:30,71013.0
01/18/2012 15:30,43012.0
01/18/2012 16:00,72113.0
01/18/2012 16:00,63701.0
01/18/2012 16:00,91114.0
01/18/2012 16:00,67601.0
01/18/2012 16:00,182130.0
01/18/2012 16:00,182250.0
01/18/2012 16:05,52122.0
01/18/2012 16:30,67601.0
01/18/2012 16:30,266999.0
01/18/2012 16:37,91113.0
01/18/2012 16:44,142320.0
01/18/2012 16:45,31111.0
01/18/2012 16:46,182999.0
01/18/2012 17:00,266999.0
01/18/2012 17:00,63701.0
01/18/2012 17:00,65701.0
01/18/2012 17:13,178200.0
01/18/2012 17:13,182400.0
01/18/2012 17:20,63701.0
01/18/2012 17:30,142320.0
01/18/2012 17:30,64701.0
01/18/2012 18:00,51322.0
01/18/2012 18:00,266999.0
01/18/2012 18:00,69702.0
01/18/2012 18:00,67701.0
01/18/2012 18:50,63701.0
01/18/2012 19:00,266999.0
01/18/2012 19:00,142320.0
01/18/2012 19:30,67701.0
01/18/2012 19:45,67701.0
01/18/2012 19:50,266999.0
01/18/2012 20:00,52312.0
01/18/2012 20:20,41011.0
01/18/2012 20:20,41011.0
01/18/2012 21:00,67701.0
01/18/2012 21:30,241100.0
01/18/2012 22:43,241100.0
01/18/2012 22:43,266999.0
01/18/2012 22:58,142320.0
01/18/2012 23:00,91113.0
01/19/2012 00:40,63701.0
01/19/2012 00:51,182400.0
01/19/2012 01:19,69602.0
01/19/2012 04:26,266510.0
01/19/2012 06:20,266510.0
01/19/2012 06:33,263422.0
01/19/2012 06:40,182130.0
01/19/2012 07:00,64701.0
01/19/2012 07:15,241100.0
01/19/2012 07:20,266510.0
01/19/2012 07:30,51112.0
01/19/2012 07:50,142320.0
01/19/2012 08:00,69602.0
01/19/2012 08:00,64701.0
01/19/2012 08:00,67601.0
01/19/2012 08:15,64701.0
01/19/2012 08:24,142320.0
01/19/2012 08:30,51312.0
01/19/2012 08:40,250000.0
01/19/2012 08:45,64711.0
01/19/2012 09:00,142320.0
01/19/2012 09:30,91113.0
01/19/2012 10:00,63701.0
01/19/2012 10:00,51112.0
01/19/2012 10:45,229999.0
01/19/2012 10:50,91123.0
01/19/2012 11:00,142320.0
01/19/2012 11:08,91114.0
01/19/2012 11:08,91114.0
01/19/2012 11:27,241100.0
01/19/2012 11:32,182400.0
01/19/2012 11:33,241100.0
01/19/2012 11:41,142320.0
01/19/2012 11:54,51112.0
01/19/2012 12:00,71013.0
01/19/2012 12:00,71013.0
01/19/2012 12:15,51312.0
01/19/2012 12:28,91124.0
01/19/2012 12:40,65701.0
01/19/2012 12:45,250000.0
01/19/2012 12:50,69703.0
01/19/2012 13:20,91114.0
01/19/2012 13:30,266510.0
01/19/2012 13:30,266999.0
01/19/2012 13:43,182999.0
01/19/2012 13:50,69602.0
01/19/2012 14:00,51112.0
01/19/2012 14:00,92000.0
01/19/2012 14:10,64601.0
01/19/2012 14:30,69702.0
01/19/2012 14:30,63701.0
01/19/2012 14:45,51312.0
01/19/2012 14:54,182130.0
01/19/2012 14:55,31421.0
01/19/2012 15:00,64701.0
01/19/2012 15:00,51322.0
01/19/2012 15:15,92000.0
01/19/2012 15:31,182130.0
01/19/2012 15:45,65701.0
01/19/2012 15:45,64701.0
01/19/2012 16:00,65601.0
01/19/2012 16:00,67701.0
01/19/2012 16:30,64701.0
01/19/2012 16:30,51322.0
01/19/2012 16:50,63701.0
01/19/2012 17:00,64711.0
01/19/2012 17:00,51312.0
01/19/2012 17:00,51312.0
01/19/2012 17:05,71013.0
01/19/2012 17:30,67601.0
01/19/2012 17:55,41011.0
01/19/2012 17:55,41011.0
01/19/2012 18:00,142320.0
01/19/2012 18:00,51222.0
01/19/2012 18:15,63701.0
01/19/2012 18:23,91114.0
01/19/2012 18:45,266400.0
01/19/2012 19:00,65701.0
01/19/2012 19:00,65701.0
01/19/2012 19:00,64701.0
01/19/2012 19:00,142320.0
01/19/2012 19:00,142320.0
01/19/2012 19:30,51312.0
01/19/2012 19:55,31111.0
01/19/2012 20:00,142320.0
01/19/2012 20:00,266999.0
01/19/2012 20:00,71040.0
01/19/2012 20:45,43015.0
01/19/2012 20:52,266999.0
01/19/2012 20:56,10000.0
01/19/2012 21:00,71013.0
01/19/2012 21:18,182250.0
01/19/2012 22:00,65701.0
01/19/2012 22:00,142320.0
01/19/2012 22:15,64701.0
01/19/2012 23:20,182999.0
01/19/2012 23:25,41013.0
01/19/2012 23:29,71013.0
01/19/2012 23:30,64601.0
01/19/2012 23:55,67701.0
01/20/2011 22:00,71013.0
01/20/2012 00:37,142320.0
01/20/2012 02:00,142320.0
01/20/2012 02:26,92000.0
01/20/2012 03:00,44015.0
01/20/2012 05:50,266510.0
01/20/2012 05:57,211000.0
01/20/2012 06:04,142320.0
01/20/2012 06:55,91113.0
01/20/2012 06:55,91113.0
01/20/2012 07:35,51130.0
01/20/2012 08:00,142320.0
01/20/2012 08:00,67601.0
01/20/2012 08:00,67601.0
01/20/2012 08:30,72113.0
01/20/2012 08:44,51111.0
01/20/2012 08:45,67601.0
01/20/2012 09:15,51112.0
01/20/2012 09:30,43015.0
01/20/2012 09:45,241100.0
01/20/2012 10:15,51112.0
01/20/2012 10:30,69602.0
01/20/2012 10:30,51322.0
01/20/2012 10:30,264100.0
01/20/2012 11:00,91303.0
01/20/2012 11:00,178200.0
01/20/2012 11:05,51130.0
01/20/2012 11:15,71013.0
01/20/2012 11:27,182250.0
01/20/2012 11:30,51112.0
01/20/2012 11:55,115400.0
01/20/2012 12:00,65701.0
01/20/2012 12:00,264100.0
01/20/2012 12:00,142320.0
01/20/2012 12:00,51322.0
01/20/2012 12:00,67601.0
01/20/2012 12:10,71013.0
01/20/2012 12:40,182250.0
01/20/2012 13:00,63701.0
01/20/2012 13:00,142320.0
01/20/2012 13:30,182400.0
01/20/2012 13:33,63701.0
01/20/2012 13:45,182400.0
01/20/2012 13:47,182130.0
01/20/2012 14:00,142320.0
01/20/2012 14:00,182999.0
01/20/2012 14:30,69602.0
01/20/2012 14:30,31111.0
01/20/2012 14:30,183999.0
01/20/2012 14:50,65701.0
01/20/2012 15:00,264100.0
01/20/2012 15:00,71013.0
01/20/2012 15:05,91123.0
01/20/2012 15:15,67701.0
01/20/2012 15:50,264100.0
01/20/2012 15:57,264100.0
01/20/2012 16:00,51312.0
01/20/2012 16:00,43015.0
01/20/2012 16:08,264100.0
01/20/2012 16:50,71013.0
01/20/2012 17:00,41013.0
01/20/2012 17:00,41023.0
01/20/2012 17:00,69602.0
01/20/2012 17:10,182130.0
01/20/2012 17:45,67701.0
01/20/2012 17:50,91113.0
01/20/2012 17:55,115100.0
01/20/2012 17:59,265321.0
01/20/2012 18:00,91114.0
01/20/2012 18:10,91113.0
01/20/2012 18:30,67701.0
01/20/2012 19:00,67601.0
01/20/2012 19:30,175500.0
01/20/2012 19:30,71013.0
01/20/2012 20:00,64701.0
01/20/2012 20:00,91114.0
01/20/2012 20:00,91114.0
01/20/2012 20:00,142320.0
01/20/2012 20:00,67701.0
01/20/2012 20:20,265321.0
01/20/2012 21:00,65701.0
01/20/2012 21:36,41011.0
01/20/2012 21:45,64701.0
01/20/2012 22:00,51312.0
01/20/2012 22:00,67701.0
01/20/2012 22:52,178200.0
01/20/2012 22:55,31111.0
01/20/2012 23:20,142320.0
01/20/2012 23:45,67701.0
01/20/2012 23:50,229999.0
01/21/2012 00:01,71030.0
01/21/2012 00:20,91114.0
01/21/2012 00:20,91114.0
01/21/2012 00:25,142320.0
01/21/2012 00:50,31111.0
01/21/2012 01:00,142320.0
01/21/2012 01:05,142320.0
01/21/2012 01:20,91113.0
01/21/2012 01:20,91113.0
01/21/2012 01:34,64601.0
01/21/2012 01:50,63701.0
01/21/2012 02:50,43015.0
01/21/2012 02:50,43012.0
01/21/2012 02:56,265321.0
01/21/2012 03:00,65601.0
01/21/2012 03:07,71013.0
01/21/2012 03:07,71013.0
01/21/2012 03:45,41011.0
01/21/2012 03:45,41011.0
01/21/2012 03:45,41011.0
01/21/2012 03:45,41011.0
01/21/2012 04:52,65701.0
01/21/2012 05:30,51230.0
01/21/2012 05:42,91113.0
01/21/2012 07:00,64701.0
01/21/2012 07:10,52112.0
01/21/2012 09:00,71013.0
01/21/2012 10:00,51312.0
01/21/2012 10:30,91114.0
01/21/2012 11:00,91114.0
01/21/2012 11:00,51322.0
01/21/2012 11:20,115100.0
01/21/2012 11:49,36212.0
01/21/2012 12:30,31311.0
01/21/2012 13:11,91114.0
01/21/2012 13:40,69702.0
01/21/2012 14:00,142320.0
01/21/2012 14:00,142320.0
01/21/2012 14:35,95200.0
01/21/2012 15:00,51312.0
01/21/2012 15:00,65701.0
01/21/2012 15:00,142320.0
01/21/2012 15:30,52312.0
01/21/2012 16:00,91114.0
01/21/2012 16:00,51312.0
01/21/2012 16:00,65701.0
01/21/2012 16:30,64701.0
01/21/2012 16:50,63701.0
01/21/2012 17:00,44013.0
01/21/2012 17:00,142320.0
01/21/2012 17:30,65601.0
01/21/2012 17:40,91114.0
01/21/2012 17:40,91123.0
01/21/2012 17:40,91123.0
01/21/2012 17:40,91303.0
01/21/2012 17:40,91303.0
01/21/2012 17:40,142320.0
01/21/2012 17:50,142320.0
01/21/2012 18:00,71013.0
01/21/2012 18:00,71040.0
01/21/2012 18:20,104000.0
01/21/2012 18:30,64711.0
01/21/2012 18:45,263310.0
01/21/2012 19:00,64601.0
01/21/2012 19:00,142320.0
01/21/2012 19:00,41011.0
01/21/2012 19:00,41011.0
01/21/2012 19:00,51212.0
01/21/2012 19:27,182999.0
01/21/2012 20:00,65601.0
01/21/2012 20:00,142320.0
01/21/2012 20:00,64701.0
01/21/2012 20:30,72113.0
01/21/2012 20:55,241100.0
01/21/2012 21:00,142320.0
01/21/2012 21:30,71013.0
01/21/2012 21:30,51312.0
01/21/2012 21:45,64701.0
01/21/2012 22:00,142320.0
01/21/2012 22:00,65701.0
01/21/2012 22:00,64701.0
01/21/2012 22:00,266999.0
01/21/2012 22:10,142320.0
01/21/2012 22:45,72130.0
01/21/2012 22:46,142320.0
01/21/2012 22:50,91114.0
01/21/2012 22:50,65701.0
01/21/2012 23:00,65701.0
01/21/2012 23:00,72130.0
01/21/2012 23:00,64701.0
01/21/2012 23:00,65701.0
01/21/2012 23:00,71013.0
01/21/2012 23:15,64701.0
01/21/2012 23:30,130000.0
01/21/2012 23:30,67701.0
01/21/2012 23:30,65601.0
01/22/2012 00:03,71013.0
01/22/2012 00:10,71013.0
01/22/2012 00:30,67701.0
01/22/2012 00:40,71013.0
01/22/2012 01:00,64701.0
01/22/2012 01:19,265321.0
01/22/2012 01:20,142320.0
01/22/2012 01:25,211000.0
01/22/2012 01:27,91113.0
01/22/2012 01:27,91113.0
01/22/2012 01:27,43013.0
01/22/2012 01:27,43012.0
01/22/2012 01:33,211000.0
01/22/2012 02:00,142320.0
01/22/2012 02:06,211000.0
01/22/2012 02:15,69703.0
01/22/2012 02:20,241100.0
01/22/2012 02:30,67601.0
01/22/2012 02:30,31111.0
01/22/2012 02:40,44012.0
01/22/2012 02:45,91114.0
01/22/2012 03:00,64701.0
01/22/2012 03:10,243300.0
01/22/2012 04:00,67601.0
01/22/2012 04:30,67601.0
01/22/2012 04:30,241100.0
01/22/2012 04:30,65701.0
01/22/2012 05:00,266999.0
01/22/2012 07:00,142320.0
01/22/2012 07:00,117000.0
01/22/2012 09:15,142320.0
01/22/2012 09:45,142320.0
01/22/2012 10:00,65701.0
01/22/2012 10:00,92000.0
01/22/2012 10:00,142320.0
01/22/2012 10:15,73413.0
01/22/2012 10:30,52322.0
01/22/2012 10:30,67601.0
01/22/2012 10:45,43015.0
01/22/2012 11:03,266100.0
01/22/2012 11:10,142320.0
01/22/2012 11:50,266100.0
01/22/2012 12:05,72113.0
01/22/2012 12:17,91114.0
01/22/2012 12:28,182130.0
01/22/2012 12:35,182400.0
01/22/2012 12:45,64701.0
01/22/2012 13:23,91114.0
01/22/2012 13:30,92000.0
01/22/2012 13:45,63701.0
01/22/2012 13:51,182400.0
01/22/2012 14:00,51130.0
01/22/2012 14:50,91114.0
01/22/2012 14:50,266999.0
01/22/2012 15:00,64701.0
01/22/2012 15:00,65701.0
01/22/2012 15:30,64701.0
01/22/2012 15:30,65701.0
01/22/2012 15:45,142320.0
01/22/2012 15:55,43203.0
01/22/2012 16:00,103000.0
01/22/2012 16:00,41011.0
01/22/2012 16:00,71013.0
01/22/2012 16:15,91114.0
01/22/2012 16:36,63701.0
01/22/2012 16:45,182400.0
01/22/2012 16:58,266510.0
01/22/2012 17:00,51312.0
01/22/2012 17:00,142320.0
01/22/2012 17:30,142320.0
01/22/2012 17:35,63701.0
01/22/2012 18:00,64711.0
01/22/2012 18:00,64711.0
01/22/2012 18:00,142320.0
01/22/2012 18:10,266400.0
01/22/2012 18:20,211000.0
01/22/2012 18:45,63701.0
01/22/2012 18:45,51230.0
01/22/2012 18:46,67701.0
01/22/2012 19:00,71013.0
01/22/2012 19:30,67701.0
01/22/2012 19:30,64701.0
01/22/2012 19:30,71030.0
01/22/2012 20:00,71013.0
01/22/2012 20:00,142320.0
01/22/2012 20:00,65701.0
01/22/2012 20:20,266510.0
01/22/2012 20:30,71030.0
01/22/2012 20:30,266510.0
01/22/2012 20:51,31111.0
01/22/2012 20:51,266999.0
01/22/2012 20:55,263299.0
01/22/2012 21:00,91114.0
01/22/2012 21:16,41011.0
01/22/2012 21:25,41011.0
01/22/2012 21:30,142320.0
01/22/2012 21:30,67601.0
01/22/2012 21:45,65701.0
01/22/2012 21:50,10000.0
01/22/2012 22:00,142320.0
01/22/2012 22:40,62701.0
01/22/2012 22:45,241100.0
01/22/2012 23:20,31111.0
01/23/2011 21:15,43026.0
01/23/2012 00:21,51230.0
01/23/2012 01:51,51212.0
01/23/2012 01:51,51212.0
01/23/2012 02:00,71013.0
01/23/2012 02:19,151130.0
01/23/2012 02:30,91114.0
01/23/2012 02:30,91123.0
01/23/2012 02:30,266510.0
01/23/2012 02:35,241100.0
01/23/2012 02:42,182999.0
01/23/2012 02:53,41011.0
01/23/2012 04:00,51212.0
01/23/2012 04:00,64711.0
01/23/2012 04:20,266999.0
01/23/2012 05:30,142320.0
01/23/2012 06:20,91114.0
01/23/2012 06:30,65701.0
01/23/2012 07:00,91113.0
01/23/2012 07:38,142320.0
01/23/2012 07:45,41011.0
01/23/2012 07:45,41021.0
01/23/2012 07:45,41021.0
01/23/2012 08:00,64711.0
01/23/2012 08:00,66701.0
01/23/2012 08:00,142320.0
01/23/2012 08:00,31111.0
01/23/2012 08:00,31111.0
01/23/2012 08:25,31422.0
01/23/2012 08:30,67701.0
01/23/2012 08:45,142320.0
01/23/2012 08:55,142320.0
01/23/2012 09:00,64711.0
01/23/2012 09:00,69702.0
01/23/2012 09:05,142320.0
01/23/2012 09:30,91114.0
01/23/2012 10:00,142320.0
01/23/2012 10:30,51130.0
01/23/2012 11:45,36111.0
01/23/2012 11:51,67701.0
01/23/2012 11:54,266510.0
01/23/2012 12:00,51312.0
01/23/2012 12:20,63701.0
01/23/2012 12:30,65701.0
01/23/2012 12:49,71013.0
01/23/2012 12:53,67701.0
01/23/2012 13:03,182400.0
01/23/2012 13:15,91114.0
01/23/2012 13:20,63701.0
01/23/2012 13:34,182999.0
01/23/2012 13:57,91114.0
01/23/2012 14:30,151130.0
01/23/2012 14:30,51312.0
01/23/2012 14:40,103000.0
01/23/2012 14:55,71013.0
01/23/2012 15:30,179100.0
01/23/2012 15:30,51322.0
01/23/2012 16:00,182130.0
01/23/2012 16:00,71013.0
01/23/2012 16:00,31421.0
01/23/2012 16:30,69702.0
01/23/2012 16:40,91113.0
01/23/2012 17:00,229999.0
01/23/2012 17:00,142320.0
01/23/2012 17:00,52312.0
01/23/2012 17:00,69702.0
01/23/2012 17:50,63701.0
01/23/2012 17:57,182400.0
01/23/2012 18:00,64711.0
01/23/2012 18:25,142320.0
01/23/2012 18:30,71030.0
01/23/2012 18:30,71013.0
01/23/2012 18:40,42014.0
01/23/2012 19:00,65601.0
01/23/2012 19:00,64701.0
01/23/2012 19:12,91113.0
01/23/2012 19:12,91113.0
01/23/2012 19:30,51212.0
01/23/2012 19:40,31111.0
01/23/2012 19:53,241100.0
01/23/2012 19:53,63701.0
01/23/2012 20:00,142320.0
01/23/2012 20:13,31112.0
01/23/2012 20:40,91113.0
01/23/2012 20:56,265321.0
01/23/2012 21:00,64601.0
01/23/2012 21:00,31421.0
01/23/2012 21:03,182400.0
01/23/2012 21:30,64601.0
01/23/2012 21:30,91114.0
01/23/2012 22:00,71040.0
01/23/2012 22:08,91113.0
01/23/2012 22:08,91113.0
01/23/2012 22:20,69703.0
01/23/2012 22:35,69702.0
01/23/2012 22:58,182130.0
01/23/2012 23:00,65701.0
01/23/2012 23:00,64701.0
01/23/2012 23:45,67701.0
01/23/2012 23:50,241100.0
01/23/2012 23:59,67701.0
01/24/2011 11:34,65701.0
01/24/2012 00:23,95100.0
01/24/2012 00:30,64711.0
01/24/2012 00:35,142320.0
01/24/2012 00:40,31111.0
01/24/2012 00:45,91114.0
01/24/2012 00:55,91113.0
01/24/2012 01:00,41011.0
01/24/2012 01:33,34111.0
01/24/2012 02:30,142320.0
01/24/2012 04:10,34111.0
01/24/2012 04:50,32421.0
01/24/2012 05:00,52212.0
01/24/2012 05:13,266510.0
01/24/2012 05:20,142320.0
01/24/2012 06:00,142320.0
01/24/2012 06:00,65701.0
01/24/2012 06:15,51322.0
01/24/2012 07:00,67701.0
01/24/2012 07:00,51312.0
01/24/2012 07:30,182400.0
01/24/2012 07:50,182250.0
01/24/2012 08:00,266510.0
01/24/2012 08:00,182400.0
01/24/2012 08:00,64701.0
01/24/2012 08:04,41203.0
01/24/2012 08:04,43202.0
01/24/2012 08:04,43202.0
01/24/2012 08:04,43202.0
01/24/2012 09:00,115400.0
01/24/2012 09:00,65701.0
01/24/2012 09:04,52112.0
01/24/2012 09:06,142320.0
01/24/2012 09:15,130000.0
01/24/2012 09:29,65601.0
01/24/2012 09:45,91114.0
01/24/2012 10:00,51112.0
01/24/2012 10:00,51112.0
01/24/2012 10:34,266510.0
01/24/2012 11:00,91114.0
01/24/2012 11:00,51112.0
01/24/2012 11:00,91114.0
01/24/2012 11:11,91113.0
01/24/2012 11:55,63701.0
01/24/2012 11:58,112020.0
01/24/2012 12:30,51112.0
01/24/2012 12:40,36421.0
01/24/2012 12:50,263422.0
01/24/2012 12:50,263422.0
01/24/2012 13:00,68701.0
01/24/2012 13:00,178200.0
01/24/2012 13:07,115400.0
01/24/2012 13:30,67601.0
01/24/2012 14:30,182400.0
01/24/2012 14:45,151130.0
01/24/2012 15:00,51312.0
01/24/2012 15:00,68701.0
01/24/2012 15:25,182130.0
01/24/2012 15:27,91113.0
01/24/2012 15:30,51122.0
01/24/2012 15:30,241100.0
01/24/2012 15:30,41015.0
01/24/2012 15:40,41011.0
01/24/2012 16:00,69702.0
01/24/2012 16:00,51312.0
01/24/2012 16:07,43023.0
01/24/2012 16:10,266510.0
01/24/2012 16:18,95100.0
01/24/2012 16:30,142320.0
01/24/2012 16:30,182400.0
01/24/2012 16:39,182400.0
01/24/2012 16:50,51130.0
01/24/2012 16:54,130000.0
01/24/2012 17:00,115100.0
01/24/2012 17:00,67701.0
01/24/2012 17:00,51322.0
01/24/2012 17:00,63701.0
01/24/2012 17:05,181370.0
01/24/2012 17:30,71030.0
01/24/2012 17:30,71013.0
01/24/2012 17:30,91113.0
01/24/2012 17:30,67601.0
01/24/2012 17:40,63701.0
01/24/2012 17:45,31111.0
01/24/2012 18:00,65701.0
01/24/2012 18:00,183130.0
01/24/2012 18:00,69602.0
01/24/2012 18:20,62701.0
01/24/2012 18:22,115100.0
01/24/2012 18:31,95200.0
01/24/2012 18:45,69702.0
01/24/2012 18:55,91113.0
01/24/2012 19:00,65701.0
01/24/2012 19:09,63701.0
01/24/2012 19:15,151110.0
01/24/2012 20:30,182130.0
01/24/2012 20:45,130000.0
01/24/2012 21:29,182250.0
01/24/2012 21:31,31111.0
01/24/2012 21:40,63701.0
01/24/2012 21:52,71013.0
01/24/2012 22:00,71030.0
01/24/2012 22:00,32111.0
01/24/2012 22:30,51212.0
01/24/2012 23:00,64701.0
01/24/2012 23:30,92000.0
01/25/2011 00:01,51312.0
01/25/2011 09:00,266999.0
01/25/2012 00:04,212000.0
01/25/2012 00:10,64601.0
01/25/2012 00:57,151130.0
01/25/2012 01:00,67701.0
01/25/2012 01:00,181260.0
01/25/2012 01:19,182250.0
01/25/2012 01:30,71013.0
01/25/2012 02:30,65601.0
01/25/2012 03:30,71030.0
01/25/2012 06:05,31111.0
01/25/2012 06:35,51322.0
01/25/2012 07:00,51112.0
01/25/2012 07:30,67701.0
01/25/2012 07:30,67701.0
01/25/2012 07:30,182130.0
01/25/2012 07:50,142320.0
01/25/2012 08:00,51112.0
01/25/2012 08:03,65701.0
01/25/2012 08:04,266999.0
01/25/2012 08:04,142320.0
01/25/2012 08:50,51112.0
01/25/2012 08:55,142320.0
01/25/2012 09:00,115200.0
01/25/2012 09:00,182999.0
01/25/2012 09:15,262100.0
01/25/2012 09:24,182130.0
01/25/2012 09:57,64601.0
01/25/2012 10:00,51130.0
01/25/2012 10:20,241100.0
01/25/2012 10:45,51111.0
01/25/2012 11:00,71030.0
01/25/2012 11:00,69702.0
01/25/2012 11:00,43013.0
01/25/2012 11:00,43013.0
01/25/2012 11:23,69602.0
01/25/2012 11:27,51122.0
01/25/2012 12:02,142320.0
01/25/2012 12:29,182999.0
01/25/2012 13:00,63701.0
01/25/2012 14:10,182400.0
01/25/2012 14:18,142320.0
01/25/2012 14:22,142320.0
01/25/2012 14:42,67701.0
01/25/2012 15:00,142320.0
01/25/2012 15:00,67601.0
01/25/2012 15:00,51112.0
01/25/2012 15:15,72113.0
01/25/2012 16:00,63701.0
01/25/2012 16:15,103000.0
01/25/2012 16:15,182999.0
01/25/2012 16:45,72130.0
01/25/2012 16:55,67701.0
01/25/2012 17:00,67701.0
01/25/2012 17:00,65701.0
01/25/2012 17:30,64701.0
01/25/2012 18:00,142320.0
01/25/2012 18:00,67701.0
01/25/2012 18:00,142320.0
01/25/2012 18:15,31111.0
01/25/2012 18:25,31111.0
01/25/2012 18:30,21000.0
01/25/2012 18:30,63701.0
01/25/2012 18:34,115100.0
01/25/2012 18:49,182400.0
01/25/2012 19:15,63701.0
01/25/2012 19:20,265321.0
01/25/2012 19:30,142320.0
01/25/2012 19:38,83000.0
01/25/2012 19:55,42011.0
01/25/2012 20:00,64701.0
01/25/2012 20:15,182250.0
01/25/2012 20:18,182130.0
01/25/2012 20:30,71030.0
01/25/2012 20:50,91113.0
01/25/2012 21:00,65701.0
01/25/2012 21:00,65701.0
01/25/2012 21:10,91113.0
01/25/2012 21:47,182130.0
01/25/2012 22:00,91113.0
01/25/2012 22:00,65601.0
01/25/2012 22:00,67701.0
01/25/2012 22:00,51222.0
01/25/2012 22:30,35111.0
01/25/2012 22:50,142320.0
01/25/2012 22:50,182250.0
01/25/2012 23:10,65701.0
01/25/2012 23:30,67701.0
01/25/2012 23:54,241100.0
01/26/2012 00:25,91114.0
01/26/2012 00:25,91124.0
01/26/2012 00:50,182130.0
01/26/2012 01:50,142320.0
01/26/2012 02:39,10000.0
01/26/2012 03:30,52212.0
01/26/2012 03:35,41011.0
01/26/2012 03:35,41011.0
01/26/2012 04:42,52112.0
01/26/2012 05:40,71013.0
01/26/2012 06:30,51112.0
01/26/2012 07:00,103000.0
01/26/2012 07:30,182400.0
01/26/2012 08:17,91123.0
01/26/2012 08:24,31112.0
01/26/2012 08:30,71040.0
01/26/2012 08:35,31111.0
01/26/2012 08:50,31111.0
01/26/2012 08:55,31111.0
01/26/2012 09:00,31111.0
01/26/2012 09:00,142320.0
01/26/2012 09:00,103000.0
01/26/2012 09:00,51112.0
01/26/2012 09:09,266999.0
01/26/2012 09:15,31111.0
01/26/2012 09:30,65701.0
01/26/2012 10:30,182400.0
01/26/2012 10:30,51112.0
01/26/2012 10:41,266999.0
01/26/2012 10:53,242000.0
01/26/2012 11:00,67701.0
01/26/2012 11:00,51112.0
01/26/2012 11:15,67601.0
01/26/2012 11:27,182130.0
01/26/2012 11:29,178200.0
01/26/2012 12:27,182999.0
01/26/2012 12:30,71013.0
01/26/2012 12:30,67601.0
01/26/2012 12:30,266510.0
01/26/2012 12:31,151110.0
01/26/2012 12:54,266300.0
01/26/2012 13:00,63701.0
01/26/2012 13:00,51330.0
01/26/2012 13:00,71013.0
01/26/2012 13:08,182400.0
01/26/2012 13:10,91123.0
01/26/2012 13:10,91123.0
01/26/2012 13:10,91123.0
01/26/2012 13:16,182400.0
01/26/2012 13:20,91114.0
01/26/2012 13:30,51122.0
01/26/2012 13:48,91123.0
01/26/2012 14:00,103000.0
01/26/2012 14:24,41013.0
01/26/2012 14:30,91123.0
01/26/2012 15:00,63701.0
01/26/2012 15:10,182999.0
01/26/2012 15:25,63601.0
01/26/2012 15:30,182130.0
01/26/2012 15:30,43016.0
01/26/2012 16:00,51312.0
01/26/2012 16:05,266510.0
01/26/2012 16:20,51112.0
01/26/2012 16:25,63701.0
01/26/2012 16:30,51312.0
01/26/2012 16:45,65701.0
01/26/2012 16:55,51112.0
01/26/2012 17:00,65601.0
01/26/2012 17:12,142320.0
01/26/2012 17:32,51112.0
01/26/2012 18:00,142320.0
01/26/2012 18:00,91123.0
01/26/2012 18:09,182250.0
01/26/2012 18:30,51330.0
01/26/2012 18:44,182400.0
01/26/2012 18:45,64711.0
01/26/2012 19:00,64701.0
01/26/2012 19:00,52312.0
01/26/2012 19:00,142320.0
01/26/2012 19:00,66701.0
01/26/2012 19:00,65701.0
01/26/2012 19:15,51212.0
01/26/2012 19:25,31111.0
01/26/2012 20:00,64711.0
01/26/2012 20:00,63701.0
01/26/2012 20:10,67701.0
01/26/2012 20:35,31111.0
01/26/2012 20:53,130000.0
01/26/2012 21:00,67701.0
01/26/2012 21:08,211000.0
01/26/2012 21:40,91303.0
01/26/2012 21:47,266510.0
01/26/2012 22:00,65701.0
01/26/2012 22:30,64711.0
01/26/2012 22:30,71013.0
01/26/2012 22:47,142320.0
01/26/2012 22:52,34211.0
01/26/2012 23:00,71030.0
01/26/2012 23:15,69702.0
01/26/2012 23:20,31111.0
01/26/2012 23:50,43012.0
01/27/2011 19:15,142320.0
01/27/2012 00:10,63701.0
01/27/2012 00:12,182250.0
01/27/2012 00:35,69602.0
01/27/2012 01:00,71013.0
01/27/2012 01:00,91113.0
01/27/2012 01:00,42011.0
01/27/2012 01:00,31111.0
01/27/2012 01:10,41203.0
01/27/2012 01:10,41203.0
01/27/2012 01:15,266510.0
01/27/2012 01:30,265321.0
01/27/2012 02:03,182400.0
01/27/2012 03:00,65701.0
01/27/2012 03:05,71013.0
01/27/2012 03:19,31421.0
01/27/2012 03:30,182130.0
01/27/2012 05:00,43024.0
01/27/2012 06:30,71013.0
01/27/2012 06:30,51122.0
01/27/2012 07:00,51312.0
01/27/2012 07:10,65701.0
01/27/2012 07:30,63701.0
01/27/2012 08:00,42013.0
01/27/2012 08:00,51130.0
01/27/2012 08:30,67701.0
01/27/2012 08:34,64601.0
01/27/2012 08:45,91113.0
01/27/2012 08:54,91113.0
01/27/2012 09:30,67701.0
01/27/2012 09:41,182400.0
01/27/2012 09:55,266510.0
01/27/2012 10:00,91113.0
01/27/2012 10:00,91113.0
01/27/2012 10:00,91113.0
01/27/2012 10:00,91113.0
01/27/2012 10:00,204100.0
01/27/2012 10:00,69602.0
01/27/2012 11:00,51112.0
01/27/2012 11:15,91114.0
01/27/2012 12:00,51112.0
01/27/2012 12:00,117000.0
01/27/2012 12:00,112020.0
01/27/2012 12:32,51112.0
01/27/2012 12:35,64701.0
01/27/2012 12:37,182400.0
01/27/2012 12:38,64701.0
01/27/2012 12:42,115400.0
01/27/2012 12:50,91114.0
01/27/2012 13:20,63701.0
01/27/2012 13:30,178200.0
01/27/2012 13:30,65701.0
01/27/2012 13:42,130000.0
01/27/2012 14:02,182250.0
01/27/2012 14:25,182400.0
01/27/2012 14:30,43012.0
01/27/2012 14:30,91113.0
01/27/2012 14:45,51112.0
01/27/2012 14:50,41011.0
01/27/2012 15:00,69702.0
01/27/2012 15:00,43021.0
01/27/2012 15:00,51312.0
01/27/2012 15:01,51312.0
01/27/2012 15:30,71013.0
01/27/2012 15:38,142320.0
01/27/2012 16:00,65701.0
01/27/2012 16:00,51312.0
01/27/2012 16:07,51112.0
01/27/2012 16:45,71013.0
01/27/2012 16:45,71013.0
01/27/2012 17:00,241100.0
01/27/2012 17:00,67701.0
01/27/2012 17:00,69602.0
01/27/2012 17:15,151130.0
01/27/2012 17:30,266510.0
01/27/2012 17:30,69702.0
01/27/2012 17:40,63701.0
01/27/2012 17:45,63701.0
01/27/2012 18:00,65701.0
01/27/2012 18:00,64601.0
01/27/2012 18:05,51212.0
01/27/2012 18:30,266999.0
01/27/2012 18:30,142320.0
01/27/2012 18:30,64701.0
01/27/2012 19:00,31111.0
01/27/2012 19:15,263299.0
01/27/2012 19:18,182400.0
01/27/2012 19:20,31111.0
01/27/2012 19:25,142320.0
01/27/2012 19:30,65701.0
01/27/2012 19:35,91303.0
01/27/2012 19:35,91114.0
01/27/2012 19:45,71040.0
01/27/2012 20:00,71013.0
01/27/2012 20:00,142320.0
01/27/2012 20:00,142320.0
01/27/2012 20:00,71040.0
01/27/2012 20:00,64601.0
01/27/2012 20:00,64601.0
01/27/2012 20:10,142320.0
01/27/2012 20:25,69702.0
01/27/2012 20:40,69702.0
01/27/2012 20:51,151130.0
01/27/2012 21:00,91113.0
01/27/2012 21:00,64711.0
01/27/2012 21:25,64601.0
01/27/2012 21:48,91113.0
01/27/2012 21:48,266999.0
01/27/2012 22:00,31111.0
01/27/2012 22:00,71013.0
01/27/2012 22:30,64601.0
01/27/2012 22:40,91113.0
01/27/2012 22:45,69702.0
01/27/2012 22:45,71013.0
01/27/2012 23:00,72113.0
01/27/2012 23:00,51312.0
01/27/2012 23:00,71030.0
01/27/2012 23:00,43016.0
01/27/2012 23:00,71030.0
01/27/2012 23:00,182130.0
01/27/2012 23:01,67701.0
01/27/2012 23:10,51230.0
01/27/2012 23:20,31422.0
01/27/2012 23:30,65601.0
01/28/2011 11:33,65701.0
01/28/2012 00:01,142320.0
01/28/2012 00:20,31421.0
01/28/2012 00:30,142320.0
01/28/2012 00:30,67601.0
01/28/2012 01:12,64701.0
01/28/2012 01:15,69702.0
01/28/2012 01:25,91113.0
01/28/2012 01:30,92000.0
01/28/2012 01:30,71013.0
01/28/2012 02:16,265321.0
01/28/2012 02:29,211000.0
01/28/2012 02:30,91113.0
01/28/2012 02:33,63701.0
01/28/2012 02:40,91113.0
01/28/2012 02:53,91113.0
01/28/2012 02:53,91113.0
01/28/2012 02:53,91113.0
01/28/2012 03:00,142320.0
01/28/2012 03:00,91113.0
01/28/2012 03:00,51312.0
01/28/2012 03:00,71013.0
01/28/2012 03:15,43016.0
01/28/2012 04:29,142320.0
01/28/2012 04:55,51230.0
01/28/2012 06:00,52122.0
01/28/2012 06:00,64601.0
01/28/2012 06:40,67701.0
01/28/2012 08:15,67701.0
01/28/2012 08:45,67711.0
01/28/2012 09:00,71013.0
01/28/2012 10:00,91114.0
01/28/2012 10:49,51312.0
01/28/2012 11:00,67601.0
01/28/2012 11:00,51312.0
01/28/2012 11:10,43013.0
01/28/2012 11:20,82000.0
01/28/2012 11:45,64601.0
01/28/2012 12:00,63701.0
01/28/2012 12:00,67701.0
01/28/2012 12:00,64701.0
01/28/2012 12:00,51312.0
01/28/2012 12:10,51121.0
01/28/2012 12:25,67701.0
01/28/2012 12:29,265321.0
01/28/2012 12:30,142320.0
01/28/2012 13:30,250000.0
01/28/2012 14:00,91113.0
01/28/2012 14:00,71013.0
01/28/2012 14:15,41014.0
01/28/2012 14:20,142320.0
01/28/2012 14:50,103000.0
01/28/2012 15:00,64601.0
01/28/2012 15:01,63601.0
01/28/2012 15:30,63701.0
01/28/2012 15:45,36421.0
01/28/2012 16:00,142320.0
01/28/2012 16:24,178200.0
01/28/2012 16:30,51312.0
01/28/2012 16:34,265321.0
01/28/2012 16:45,31111.0
01/28/2012 16:45,69702.0
01/28/2012 16:45,266999.0
01/28/2012 17:00,51312.0
01/28/2012 17:00,142320.0
01/28/2012 17:05,31111.0
01/28/2012 17:15,182130.0
01/28/2012 17:25,241100.0
01/28/2012 17:40,91114.0
01/28/2012 18:00,65701.0
01/28/2012 18:05,91113.0
01/28/2012 18:15,67701.0
01/28/2012 18:30,65701.0
01/28/2012 18:38,41011.0
01/28/2012 18:50,51222.0
01/28/2012 19:00,63701.0
01/28/2012 19:13,41011.0
01/28/2012 19:13,41021.0
01/28/2012 19:13,41011.0
01/28/2012 19:13,41011.0
01/28/2012 19:20,69502.0
01/28/2012 19:53,130000.0
01/28/2012 19:56,51222.0
01/28/2012 20:00,43013.0
01/28/2012 20:00,43013.0
01/28/2012 20:06,31111.0
01/28/2012 20:30,71013.0
01/28/2012 21:00,51312.0
01/28/2012 21:45,91114.0
01/28/2012 21:45,91124.0
01/28/2012 21:45,91303.0
01/28/2012 21:49,36111.0
01/28/2012 22:00,142320.0
01/28/2012 22:00,65701.0
01/28/2012 22:00,67701.0
01/28/2012 22:00,142320.0
01/28/2012 22:00,65601.0
01/28/2012 22:04,69703.0
01/28/2012 23:00,178200.0
01/28/2012 23:00,71013.0
01/28/2012 23:00,142320.0
01/28/2012 23:09,63701.0
01/28/2012 23:20,266999.0
01/28/2012 23:30,91114.0
01/28/2012 23:30,67701.0
01/28/2012 23:30,266999.0
01/28/2012 23:30,91113.0
01/28/2012 23:30,91113.0
01/28/2012 23:30,91303.0
01/28/2012 23:45,67701.0
01/28/2012 23:55,182250.0
01/29/2012 00:30,72113.0
01/29/2012 00:30,91114.0
01/29/2012 00:30,65701.0
01/29/2012 00:42,71030.0
01/29/2012 00:48,64701.0
01/29/2012 00:50,64601.0
01/29/2012 00:50,263130.0
01/29/2012 01:10,142320.0
01/29/2012 01:33,229999.0
01/29/2012 01:44,67701.0
01/29/2012 02:20,91114.0
01/29/2012 02:20,91114.0
01/29/2012 02:30,44011.0
01/29/2012 03:56,142320.0
01/29/2012 04:00,65601.0
01/29/2012 04:05,69602.0
01/29/2012 04:20,65601.0
01/29/2012 04:30,95100.0
01/29/2012 05:00,142320.0
01/29/2012 05:29,51212.0
01/29/2012 05:45,51222.0
01/29/2012 06:40,42014.0
01/29/2012 07:30,71013.0
01/29/2012 08:00,142320.0
01/29/2012 08:00,266999.0
01/29/2012 08:30,41016.0
01/29/2012 08:34,52112.0
01/29/2012 09:00,67601.0
01/29/2012 09:53,64701.0
01/29/2012 10:10,91113.0
01/29/2012 10:30,67701.0
01/29/2012 10:54,182400.0
01/29/2012 11:00,92000.0
01/29/2012 11:09,212000.0
01/29/2012 11:10,91114.0
01/29/2012 11:30,65701.0
01/29/2012 11:40,63701.0
01/29/2012 12:00,65701.0
01/29/2012 12:00,91114.0
01/29/2012 12:21,266999.0
01/29/2012 12:40,151140.0
01/29/2012 12:58,91113.0
01/29/2012 13:00,117000.0
01/29/2012 13:00,117000.0
01/29/2012 13:30,51112.0
01/29/2012 13:30,51312.0
01/29/2012 13:50,63701.0
01/29/2012 14:20,44015.0
01/29/2012 15:00,91114.0
01/29/2012 15:20,41013.0
01/29/2012 15:53,266300.0
01/29/2012 16:00,51312.0
01/29/2012 16:15,266510.0
01/29/2012 16:20,91123.0
01/29/2012 17:00,51312.0
01/29/2012 17:00,51312.0
01/29/2012 17:00,51312.0
01/29/2012 17:45,91123.0
01/29/2012 17:55,41013.0
01/29/2012 17:55,41013.0
01/29/2012 17:55,41013.0
01/29/2012 18:00,67601.0
01/29/2012 18:00,51312.0
01/29/2012 18:45,178200.0
01/29/2012 18:45,31111.0
01/29/2012 18:55,91113.0
01/29/2012 19:30,64711.0
01/29/2012 19:30,69702.0
01/29/2012 19:32,182400.0
01/29/2012 19:45,266999.0
01/29/2012 20:01,265321.0
01/29/2012 20:10,51212.0
01/29/2012 20:30,142320.0
01/29/2012 20:50,211000.0
01/29/2012 20:56,64701.0
01/29/2012 21:30,64701.0
01/29/2012 21:30,182400.0
01/29/2012 21:30,64701.0
01/29/2012 22:00,71030.0
01/29/2012 22:07,151110.0
01/29/2012 22:27,91113.0
01/29/2012 22:40,43011.0
01/29/2012 23:00,142320.0
01/29/2012 23:05,31111.0
01/29/2012 23:10,31111.0
01/29/2012 23:20,241100.0
01/29/2012 23:30,142320.0
01/29/2012 23:45,67701.0
01/29/2012 23:50,31111.0
01/30/2011 12:00,52122.0
01/30/2012 00:25,65701.0
01/30/2012 00:30,71013.0
01/30/2012 01:50,91114.0
01/30/2012 02:00,71013.0
01/30/2012 02:00,71013.0
01/30/2012 05:30,67701.0
01/30/2012 05:41,69702.0
01/30/2012 06:30,64711.0
01/30/2012 07:00,142320.0
01/30/2012 07:45,71013.0
01/30/2012 08:00,72113.0
01/30/2012 08:37,142320.0
01/30/2012 10:00,67701.0
01/30/2012 10:15,51112.0
01/30/2012 10:30,69602.0
01/30/2012 10:30,69702.0
01/30/2012 11:10,51312.0
01/30/2012 11:39,65701.0
01/30/2012 11:45,65701.0
01/30/2012 12:00,142320.0
01/30/2012 12:25,266999.0
01/30/2012 12:30,51112.0
01/30/2012 12:34,266510.0
01/30/2012 12:50,182130.0
01/30/2012 13:00,51322.0
01/30/2012 13:00,51112.0
01/30/2012 13:10,51121.0
01/30/2012 13:17,65701.0
01/30/2012 13:30,266510.0
01/30/2012 13:30,250000.0
01/30/2012 13:30,69702.0
01/30/2012 13:31,229999.0
01/30/2012 14:30,42021.0
01/30/2012 14:51,182400.0
01/30/2012 14:51,182400.0
01/30/2012 15:00,91123.0
01/30/2012 15:00,91123.0
01/30/2012 15:00,92000.0
01/30/2012 15:15,115200.0
01/30/2012 15:30,71030.0
01/30/2012 16:00,52322.0
01/30/2012 16:30,31111.0
01/30/2012 16:34,91113.0
01/30/2012 16:50,82000.0
01/30/2012 17:00,142320.0
01/30/2012 17:00,51312.0
01/30/2012 17:00,69702.0
01/30/2012 17:05,266999.0
01/30/2012 17:05,266510.0
01/30/2012 17:08,266510.0
01/30/2012 17:23,178200.0
01/30/2012 17:29,43015.0
01/30/2012 17:30,51112.0
01/30/2012 17:42,63701.0
01/30/2012 17:54,182130.0
01/30/2012 18:00,51322.0
01/30/2012 18:00,142320.0
01/30/2012 18:11,63701.0
01/30/2012 18:30,142320.0
01/30/2012 18:32,266999.0
01/30/2012 18:33,182400.0
01/30/2012 18:40,72113.0
01/30/2012 18:41,31111.0
01/30/2012 19:00,65701.0
01/30/2012 19:15,31111.0
01/30/2012 19:15,91114.0
01/30/2012 19:15,63701.0
01/30/2012 19:16,69703.0
01/30/2012 19:18,266510.0
01/30/2012 19:40,241100.0
01/30/2012 20:00,92000.0
01/30/2012 20:00,65701.0
01/30/2012 20:05,43022.0
01/30/2012 20:18,71040.0
01/30/2012 20:28,182250.0
01/30/2012 20:35,31111.0
01/30/2012 20:45,142320.0
01/30/2012 20:57,182130.0
01/30/2012 21:00,151130.0
01/30/2012 21:15,142320.0
01/30/2012 21:30,72140.0
01/30/2012 21:30,182999.0
01/30/2012 21:50,63701.0
01/30/2012 22:00,65701.0
01/30/2012 22:09,241100.0
01/30/2012 22:30,69602.0
01/30/2012 22:40,142320.0
01/30/2012 23:05,31111.0
01/30/2012 23:20,72113.0
01/30/2012 23:30,91114.0
01/30/2012 23:30,91114.0
01/30/2012 23:38,182999.0
01/31/2012 00:15,91114.0
01/31/2012 01:00,73413.0
01/31/2012 01:30,95100.0
01/31/2012 01:50,91113.0
01/31/2012 01:55,182400.0
01/31/2012 02:00,71013.0
01/31/2012 02:30,241100.0
01/31/2012 03:00,71040.0
01/31/2012 04:00,241100.0
01/31/2012 05:50,51212.0
01/31/2012 06:45,69602.0
01/31/2012 06:55,31421.0
01/31/2012 07:30,142320.0
01/31/2012 07:40,51112.0
01/31/2012 08:00,142320.0
01/31/2012 08:30,64601.0
01/31/2012 08:45,266400.0
01/31/2012 09:09,51122.0
01/31/2012 09:40,63701.0
01/31/2012 09:45,51122.0
01/31/2012 10:10,91114.0
01/31/2012 10:11,71013.0
01/31/2012 10:35,91113.0
01/31/2012 10:39,182130.0
01/31/2012 10:44,115100.0
01/31/2012 10:47,182400.0
01/31/2012 10:50,91113.0
01/31/2012 10:50,91113.0
01/31/2012 10:55,266510.0
01/31/2012 11:00,64701.0
01/31/2012 11:07,229999.0
01/31/2012 11:20,51122.0
01/31/2012 11:35,130000.0
01/31/2012 11:45,266510.0
01/31/2012 12:00,67701.0
01/31/2012 12:00,51312.0
01/31/2012 12:20,241100.0
01/31/2012 12:25,91123.0
01/31/2012 12:26,182400.0
01/31/2012 12:45,91114.0
01/31/2012 12:45,91114.0
01/31/2012 13:07,31421.0
01/31/2012 13:15,67701.0
01/31/2012 13:27,266510.0
01/31/2012 13:30,263421.0
01/31/2012 14:00,71030.0
01/31/2012 14:15,51122.0
01/31/2012 15:00,43015.0
01/31/2012 15:30,91113.0
01/31/2012 15:35,63701.0
01/31/2012 16:00,142320.0
01/31/2012 16:05,41011.0
01/31/2012 16:08,266100.0
01/31/2012 16:15,43025.0
01/31/2012 16:45,51112.0
01/31/2012 17:00,51312.0
01/31/2012 17:00,91113.0
01/31/2012 17:08,229999.0
01/31/2012 17:10,91123.0
01/31/2012 17:15,69703.0
01/31/2012 18:15,63701.0
01/31/2012 18:30,65701.0
01/31/2012 18:30,142320.0
01/31/2012 18:52,182250.0
01/31/2012 18:55,71040.0
01/31/2012 19:00,142320.0
01/31/2012 19:00,64701.0
01/31/2012 19:20,41011.0
01/31/2012 19:20,41021.0
01/31/2012 19:20,41021.0
01/31/2012 19:20,41021.0
01/31/2012 19:25,151130.0
01/31/2012 19:25,31211.0
01/31/2012 19:44,266999.0
01/31/2012 19:44,229999.0
01/31/2012 19:45,241100.0
01/31/2012 19:47,142320.0
01/31/2012 20:03,151130.0
01/31/2012 20:20,142320.0
01/31/2012 20:48,91123.0
01/31/2012 20:48,91303.0
01/31/2012 20:59,151110.0
01/31/2012 21:00,67701.0
01/31/2012 21:02,142320.0
01/31/2012 21:30,266100.0
01/31/2012 21:30,65701.0
01/31/2012 22:00,71013.0
01/31/2012 22:09,91114.0
01/31/2012 22:45,142320.0
01/31/2012 22:50,182400.0
01/31/2012 23:15,71013.0
01/31/2012 23:29,151130.0
01/31/2012 23:32,264100.0
01/31/2012 23:44,64711.0
02/03/2003 00:01,91124.0
02/05/2011 15:55,91113.0
03/11/2011 00:01,172310.0
03/18/2010 08:59,121000.0
03/20/2011 00:01,204100.0
03/20/2011 11:07,264100.0
03/25/2011 13:35,67601.0
04/01/2011 00:01,179220.0
04/15/2011 14:30,117000.0
04/30/2011 14:00,73413.0
05/01/2010 00:01,23000.0
05/06/2006 00:01,171300.0
05/24/2011 10:55,264100.0
05/24/2011 14:00,71013.0
05/31/2011 11:05,151110.0
05/31/2011 20:00,91113.0
06/01/2004 01:00,21000.0
06/01/2010 00:01,172310.0
06/01/2011 12:00,111110.0
06/07/2011 10:01,71013.0
06/09/2011 18:46,266999.0
06/20/2011 09:42,263899.0
06/21/2010 08:00,115400.0
06/22/2011 15:17,264100.0
07/01/2009 12:51,111120.0
07/01/2010 12:00,69602.0
07/01/2011 00:01,171300.0
07/01/2011 12:00,67701.0
07/20/2009 14:00,142320.0
07/30/2011 23:55,91113.0
07/30/2011 23:55,91114.0
08/01/2008 10:46,115400.0
08/01/2011 00:01,263120.0
08/01/2011 00:01,21000.0
08/01/2011 14:24,69602.0
08/01/2011 15:42,101000.0
08/10/2011 09:00,51322.0
08/11/2011 13:44,265321.0
08/11/2011 13:44,265321.0
08/13/2011 08:17,264100.0
08/13/2011 08:48,264100.0
08/13/2011 12:24,264100.0
08/13/2011 15:47,264100.0
08/15/2011 06:00,263120.0
08/15/2011 06:00,91124.0
08/15/2011 08:00,266300.0
08/15/2011 08:00,266300.0
08/15/2011 08:00,266300.0
08/15/2011 08:00,266520.0
08/15/2011 08:00,266300.0
08/15/2011 08:00,266300.0
08/15/2011 08:00,266300.0
08/15/2011 08:00,266300.0
08/15/2011 16:00,171300.0
08/16/2011 09:00,115100.0
08/18/2011 13:59,265321.0
08/22/2011 00:01,112010.0
08/22/2011 10:35,263899.0
08/22/2011 21:15,265321.0
08/26/2011 13:00,266999.0
08/29/2011 08:59,266999.0
08/30/2011 13:00,112010.0
08/30/2011 14:00,264100.0
08/31/2010 00:01,21000.0
09/01/2007 00:01,172300.0
09/01/2011 00:01,172100.0
09/01/2011 00:01,21000.0
09/02/1987 00:01,172300.0
09/02/2009 07:00,115100.0
09/02/2011 17:50,264100.0
09/06/2011 14:50,92000.0
09/07/2011 08:00,115100.0
09/08/2011 09:04,266999.0
09/09/2011 10:00,71013.0
09/12/2011 14:00,51322.0
09/15/2009 00:01,179200.0
09/15/2011 10:00,65701.0
09/15/2011 17:00,67701.0
09/17/2009 00:01,91123.0
09/19/2011 15:44,263899.0
09/20/2011 14:30,71013.0
09/26/2011 10:24,64701.0
09/28/2011 11:00,65601.0
09/29/2011 12:00,69702.0
10/01/2009 08:00,115400.0
10/01/2011 09:00,69702.0
10/01/2011 13:00,65701.0
10/01/2011 16:00,51312.0
10/01/2011 19:00,71013.0
10/02/2011 16:10,264100.0
10/02/2011 16:45,71013.0
10/03/2011 00:01,117000.0
10/03/2011 12:00,264100.0
10/07/2011 12:58,69602.0
10/08/2011 00:18,265321.0
10/11/2011 09:00,51322.0
10/11/2011 09:00,69602.0
10/11/2011 23:00,67701.0
10/12/2011 08:00,67601.0
10/13/2011 05:56,263899.0
10/15/2011 03:06,265321.0
10/18/2011 13:43,262100.0
10/23/2011 10:21,266999.0
10/23/2011 20:00,71013.0
10/27/2011 12:00,101000.0
10/28/2011 12:00,65701.0
10/28/2011 17:00,65701.0
10/29/2011 12:18,264100.0
10/29/2011 23:00,71013.0
10/30/2011 17:00,67601.0
10/30/2011 17:06,265321.0
10/30/2011 17:06,265321.0
10/30/2011 18:00,71013.0
10/31/2011 08:34,263899.0
10/31/2011 10:00,51312.0
11/01/2011 00:01,51330.0
11/01/2011 12:00,67701.0
11/01/2011 15:57,67601.0
11/01/2011 16:00,43026.0
11/01/2011 16:00,172310.0
11/01/2011 21:00,92000.0
11/02/2011 00:01,112010.0
11/02/2011 00:01,52312.0
11/02/2011 09:00,115200.0
11/02/2011 15:18,67701.0
11/05/2010 01:22,265321.0
11/06/2004 00:01,172100.0
11/06/2011 08:00,67601.0
11/09/2011 08:00,266999.0
11/10/2011 16:00,51312.0
11/10/2011 23:00,69602.0
11/11/2011 09:00,266999.0
11/11/2011 09:00,266999.0
11/11/2011 09:00,266999.0
11/13/2011 16:00,69602.0
11/15/2011 00:01,69702.0
11/15/2011 10:00,67601.0
11/15/2011 12:00,91123.0
11/15/2011 12:00,91113.0
11/15/2011 13:00,67501.0
11/17/2003 08:20,91124.0
11/17/2011 21:30,31111.0
11/18/2011 09:00,266999.0
11/18/2011 09:00,266999.0
11/18/2011 09:00,266999.0
11/18/2011 15:30,91123.0
11/18/2011 15:30,91123.0
11/18/2011 17:00,69602.0
11/19/2007 00:01,21000.0
11/19/2011 13:00,69702.0
11/20/2011 15:00,51312.0
11/20/2011 15:41,265321.0
11/21/2011 18:00,69602.0
11/21/2011 18:46,266999.0
11/22/2011 08:00,71013.0
11/22/2011 09:00,69602.0
11/22/2011 22:01,265321.0
11/23/2010 13:08,65701.0
11/23/2011 12:00,51322.0
11/24/2011 17:38,266999.0
11/24/2011 23:27,266999.0
11/25/2011 09:00,266999.0
11/25/2011 09:00,266999.0
11/25/2011 09:00,266999.0
11/25/2011 17:30,266999.0
11/25/2011 22:00,41013.0
11/26/2011 06:00,172100.0
11/26/2011 19:00,51212.0
11/26/2011 21:45,266999.0
11/26/2011 22:00,67701.0
11/27/2011 00:01,21000.0
11/29/2011 10:06,67701.0
11/29/2011 10:39,115400.0
11/29/2011 16:56,71013.0
11/30/2011 04:36,266999.0
12/01/2005 10:18,115400.0
12/01/2011 00:01,242000.0
12/01/2011 06:45,31111.0
12/01/2011 08:00,115400.0
12/01/2011 10:00,67701.0
12/01/2011 12:00,69602.0
12/01/2011 12:00,67601.0
12/01/2011 21:05,266999.0
12/01/2011 22:00,67701.0
12/02/2011 08:00,115100.0
12/02/2011 09:00,266999.0
12/02/2011 09:00,266999.0
12/02/2011 09:00,266999.0
12/02/2011 14:45,142320.0
12/02/2011 15:10,266999.0
12/03/2011 11:00,72113.0
12/03/2011 11:00,72113.0
12/03/2011 11:00,71013.0
12/03/2011 11:00,73313.0
12/03/2011 21:00,51212.0
12/03/2011 21:00,142320.0
12/04/2011 02:05,266999.0
12/04/2011 06:00,265321.0
12/04/2011 10:06,266999.0
12/05/2011 09:58,266999.0
12/05/2011 11:16,65701.0
12/06/2011 04:00,71013.0
12/06/2011 15:00,264100.0
12/06/2011 16:25,266999.0
12/07/2011 00:45,266999.0
12/07/2011 10:30,69602.0
12/07/2011 12:00,142320.0
12/07/2011 12:00,51312.0
12/07/2011 14:00,51312.0
12/07/2011 18:00,266999.0
12/07/2011 19:20,266999.0
12/07/2011 20:25,266999.0
12/08/2009 00:01,179100.0
12/08/2011 00:01,43026.0
12/08/2011 01:20,266999.0
12/08/2011 02:33,41011.0
12/08/2011 02:33,142320.0
12/08/2011 08:00,142320.0
12/08/2011 23:20,241100.0
12/08/2011 23:20,31111.0
12/09/2011 09:00,266999.0
12/09/2011 09:00,266999.0
12/09/2011 09:00,266999.0
12/09/2011 10:00,51312.0
12/09/2011 11:00,67701.0
12/10/2011 02:30,91114.0
12/10/2011 08:00,67701.0
12/10/2011 19:50,266999.0
12/10/2011 20:00,266999.0
12/10/2011 21:00,142320.0
12/10/2011 21:00,266999.0
12/11/2011 13:00,71013.0
12/11/2011 16:54,266999.0
12/12/2011 00:01,64601.0
12/12/2011 04:30,266999.0
12/12/2011 07:00,121000.0
12/12/2011 08:00,67701.0
12/12/2011 09:40,266999.0
12/12/2011 15:00,266999.0
12/12/2011 16:00,51312.0
12/12/2011 16:00,266999.0
12/12/2011 18:30,43016.0
12/12/2011 18:30,43026.0
12/12/2011 20:05,266999.0
12/12/2011 21:00,69602.0
12/13/2011 00:01,112010.0
12/13/2011 00:25,266999.0
12/13/2011 12:23,101000.0
12/13/2011 14:28,266999.0
12/13/2011 18:00,266999.0
12/14/2011 09:00,69702.0
12/14/2011 11:00,266999.0
12/14/2011 11:45,51121.0
12/14/2011 14:00,51312.0
12/14/2011 17:30,266999.0
12/14/2011 19:00,65701.0
12/14/2011 19:15,67701.0
12/14/2011 19:18,266999.0
12/14/2011 19:20,121000.0
12/14/2011 21:15,266999.0
12/14/2011 21:32,266999.0
12/15/2011 09:00,266999.0
12/15/2011 10:15,265321.0
12/16/2011 09:00,266999.0
12/16/2011 09:00,266999.0
12/16/2011 09:00,266999.0
12/16/2011 11:00,266999.0
12/16/2011 15:44,263899.0
12/16/2011 16:00,51322.0
12/16/2011 17:00,115100.0
12/16/2011 19:00,67701.0
12/16/2011 22:13,266999.0
12/17/2011 13:03,266999.0
12/17/2011 13:19,112010.0
12/17/2011 15:00,51312.0
12/17/2011 15:15,266999.0
12/17/2011 19:00,266999.0
12/17/2011 19:28,266999.0
12/17/2011 19:36,121000.0
12/17/2011 21:10,266999.0
12/17/2011 22:46,266999.0
12/18/2009 10:03,115400.0
12/18/2011 02:50,266999.0
12/18/2011 09:00,64701.0
12/18/2011 09:45,266999.0
12/18/2011 17:40,266999.0
12/18/2011 19:30,266999.0
12/19/2011 09:14,112020.0
12/19/2011 10:00,51322.0
12/19/2011 13:00,264100.0
12/19/2011 14:00,69602.0
12/19/2011 14:24,266999.0
12/19/2011 15:00,67701.0
12/19/2011 19:02,266999.0
12/20/2011 00:01,71013.0
12/20/2011 02:15,266999.0
12/20/2011 07:30,69702.0
12/20/2011 08:30,265321.0
12/20/2011 08:40,71013.0
12/20/2011 09:00,63701.0
12/20/2011 12:00,71013.0
12/20/2011 12:00,112020.0
12/20/2011 13:47,69602.0
12/20/2011 14:00,51312.0
12/20/2011 17:00,52312.0
12/20/2011 17:00,52330.0
12/20/2011 18:55,266510.0
12/20/2011 19:44,266999.0
12/20/2011 20:50,266999.0
12/20/2011 20:50,266999.0
12/21/2011 00:01,242000.0
12/21/2011 00:01,65701.0
12/21/2011 09:30,64701.0
12/21/2011 13:30,92000.0
12/21/2011 13:42,142320.0
12/21/2011 13:42,51130.0
12/21/2011 13:45,266999.0
12/21/2011 21:20,266999.0
12/22/2008 12:00,69602.0
12/22/2011 00:50,67701.0
12/22/2011 09:45,265321.0
12/22/2011 10:40,52121.0
12/22/2011 11:30,182400.0
12/22/2011 12:00,71013.0
12/22/2011 13:00,266999.0
12/22/2011 14:00,69502.0
12/22/2011 14:00,71013.0
12/22/2011 19:00,67601.0
12/22/2011 19:30,64601.0
12/23/2011 07:00,71013.0
12/23/2011 08:00,69602.0
12/23/2011 08:00,115400.0
12/23/2011 09:00,266999.0
12/23/2011 09:00,266999.0
12/23/2011 09:00,266999.0
12/23/2011 12:14,69702.0
12/23/2011 13:42,65701.0
12/23/2011 15:00,67601.0
12/23/2011 16:00,142320.0
12/23/2011 16:11,63701.0
12/23/2011 17:00,67601.0
12/23/2011 17:33,265321.0
12/23/2011 18:00,69602.0
12/23/2011 20:05,182400.0
12/23/2011 21:06,52212.0
12/23/2011 23:29,71013.0
12/24/2011 02:21,266999.0
12/24/2011 08:00,67601.0
12/24/2011 12:00,51312.0
12/24/2011 12:00,69602.0
12/24/2011 13:00,51312.0
12/24/2011 16:25,266999.0
12/24/2011 21:44,266999.0
12/25/2011 08:00,69602.0
12/25/2011 10:00,65701.0
12/25/2011 13:00,142320.0
12/25/2011 13:30,69702.0
12/25/2011 13:38,261320.0
12/26/2011 01:15,266999.0
12/26/2011 04:24,265321.0
12/26/2011 10:00,122000.0
12/26/2011 10:01,101000.0
12/26/2011 12:00,69602.0
12/26/2011 13:00,172100.0
12/26/2011 22:00,266999.0
12/27/2011 00:01,72113.0
12/27/2011 01:00,71013.0
12/27/2011 06:00,69602.0
12/27/2011 13:00,51312.0
12/27/2011 13:15,112010.0
12/27/2011 13:30,266999.0
12/27/2011 16:41,266999.0
12/27/2011 22:00,51312.0
12/28/2009 13:56,115100.0
12/28/2011 00:01,71013.0
12/28/2011 10:30,64701.0
12/28/2011 13:00,71013.0
12/28/2011 13:35,69702.0
12/28/2011 16:14,51312.0
12/28/2011 17:10,266999.0
12/28/2011 17:34,95100.0
12/28/2011 18:30,67701.0
12/28/2011 19:00,51212.0
12/29/2011 08:00,115400.0
12/29/2011 10:23,69702.0
12/29/2011 11:00,51322.0
12/29/2011 12:00,69702.0
12/29/2011 12:00,51312.0
12/29/2011 14:37,130000.0
12/29/2011 15:07,265321.0
12/29/2011 15:30,264100.0
12/29/2011 16:30,69603.0
12/29/2011 18:15,32111.0
12/29/2011 19:11,71013.0
12/30/2011 01:00,31112.0
12/30/2011 04:00,266999.0
12/30/2011 05:00,65701.0
12/30/2011 08:00,142320.0
12/30/2011 09:00,266999.0
12/30/2011 09:00,266999.0
12/30/2011 09:00,266999.0
12/30/2011 09:30,142320.0
12/30/2011 10:00,69602.0
12/30/2011 11:30,81000.0
12/30/2011 11:30,51111.0
12/30/2011 14:30,52322.0
12/30/2011 15:00,67701.0
12/30/2011 15:30,65701.0
12/30/2011 15:58,101000.0
12/30/2011 16:00,142320.0
12/30/2011 16:03,265321.0
12/30/2011 18:00,142320.0
12/30/2011 18:00,65701.0
12/30/2011 19:00,71013.0
12/30/2011 19:00,72113.0
12/30/2011 20:42,95200.0
12/30/2011 22:00,71013.0
12/30/2011 22:00,71013.0
12/31/2011 00:01,43026.0
12/31/2011 01:20,91303.0
12/31/2011 01:20,91303.0
12/31/2011 01:20,91303.0
12/31/2011 02:08,266999.0
12/31/2011 04:30,31211.0
12/31/2011 06:00,266999.0
12/31/2011 07:00,172100.0
12/31/2011 11:00,142320.0
12/31/2011 11:52,112010.0
12/31/2011 12:00,71030.0
12/31/2011 12:00,69602.0
12/31/2011 12:33,115100.0
12/31/2011 13:08,265321.0
12/31/2011 13:30,91114.0
12/31/2011 13:51,64701.0
12/31/2011 14:00,142320.0
12/31/2011 14:00,67701.0
12/31/2011 15:15,266999.0
12/31/2011 15:15,121000.0
12/31/2011 16:00,142320.0
12/31/2011 16:30,71013.0
12/31/2011 18:00,64701.0
12/31/2011 18:30,51322.0
12/31/2011 19:00,51312.0
12/31/2011 19:00,142320.0
12/31/2011 19:00,142320.0
12/31/2011 19:00,142320.0
12/31/2011 20:00,142320.0
12/31/2011 20:00,65701.0
12/31/2011 20:00,142320.0
12/31/2011 21:00,142320.0
12/31/2011 21:00,266999.0
12/31/2011 21:30,71030.0
12/31/2011 22:00,142320.0
12/31/2011 23:00,91303.0
12/31/2011 23:18,266999.0
12/31/2011 23:24,64601.0
12/31/2011 23:35,91113.0
,
,
,
,
,
,
,
,
,
,
,
,
,
,
,
,
,
,
,
,
,
,
,
,
,
,
,
,
,
,
,
,
,
,
,
,
,
,
,
,
,
,
,
,
,
,
,
,
,
,
,
,
,
,
,
,
,
,
,
,
,
,
,
,
,
,
,
,
,
,
,
,
,
,
,
,
,
,
,
,
,
,
,
,
,
,
,
,
,
,
,
,
,
,
,
,
,
,
,
,
,
,
,
,
,
,
,
,
,
,
,
,
,
,
,
,
,
,
,
,
,
,
,
,
,
,
,
,
,
,
,
,
,
,
,
,
,
,
,
,
,
,
,
,
,
,
,
,
,
,
,
,
,
,
,
,
,
,
,
,
,
,
,
,
,
,
,
,
,
,
,
,
,
,
,
,
,
,
,
,
,
,
,
,
,
,
,
,
,
,
,
,
,
,
,
,
,
,
,
,
,
,
,
,
,
,
,
,
,
,
,
,
,
,
,
,
,
,
,
,
,
,
,
,
,
,
,
,
,
,
,
,
,
,
,
,
,
,
,
,
,
,
,
,
,
,
,
,
,
,
,
,
,
,
,
,
,
,
,
,
,
,
,
,
,
,
,
,
,
,
,
,
,
,
,
,
,
,
,
,
,
,
,
,
,
,
,
,
,
,
,
,
,
,
,
,
,
,
,
,
,
,
,
,
,
,
,
,
,
,
,
,
,
,
,
,
,
,
,
,
,
,
,
,
,
,
,
,
,
,
,
,
,
,
,
,
,
,
,
,
,
,
,
,
,
,
,
,
,
,
,
,
,
,
,
,
,
,
,
,
,
,
,
,
,
,
,
,
,
,
,
,
,
,
,
,
,
,
,
,
,
,
,
,
,
,
,
,
,
,
,
,
,
,
,
,
,
,
,
,
,
,
,
,
,
,
,
,
,
,
,
,
,
,
,
,
,
,
,
,
,
,
,
,
,
,
,
,
,
,
,
,
,
,
,
,
,
,
,
,
,
,
,
,
,
,
,
,
,
,
,
,
,
,
,
,
,
,
,
,
,
,
,
,
,
,
,
,
,
,
,
,
,
,
,
,
,
,
,
,
,
,
,
,
,
,
,
,
,
,
,
,
,
,
,
,
,
,
,
,
,
,
,
,
,
,
,
,
,
,
,
,
,
,
,
,
,
,
,
,
,
,
,
,
,
,
,
,
,
,
,
,
,
,
,
,
,
,
,
,
,
,
,
,
,
,
,
,
,
,
,
,
,
,
,
,
,
,
,
,
,
,
,
,
,
,
,
,
,
,
,
,
,
,
,
,
,
,
,
,
,
,
,
,
,
,
,
,
,
,
,
,
,
,
,
,
,
,
,
,
,
,
,
,
,
,
,
,
,
,
,
,
,
,
,
,
,
,
,
,
,
,
,
,
,
,
,
,
,
,
,
,
,
,
,
,
,
,
,
,
,
,
,
,
,
,
,
,
,
,
,
,
,
,
,
,
,
,
,
,
,
,
,
,
,
,
,
,
,
,
,
,
,
,
,
,
,
,
,
,
,
,
,
,
,
,
,
,
,
,
,
,
,
,
,
,
,
,
,
,
,
,
,
,
,
,
,
,
,
,
,
,
,
,
,
,
,
,
,
,
,
,
,
,
,
,
,
,
,
,
,
,
,
,
,
,
,
,
,
,
,
,
,
,
,
,
,
,
,
,
,
,
,
,
,
,
,
,
,
,
,
,
,
,
,
,
,
,
,
,
,
,
,
,
,
,
,
,
,
,
,
,
,
,
,
,
,
,
,
,
,
,
,
,
,
,
,
,
,
,
,
,
,
,
,
,
,
,
,
,
,
,
,
,
,
,
,
,
,
,
,
,
,
,
,
,
,
,
,
,
,
,
,
,
,
,
,
,
,
,
,
,
,
,
,
,
,
,
,
,
,
,
,
,
,
,
,
,
,
,
,
,
,
,
,
,
,
,
,
,
,
,
,
,
,
,
,
,
,
,
,
,
,
,
,
,
,
,
,
,
,
,
,
,
,
,
,
,
,
,
,
,
,
,
,
,
,
,
,
,
,
,
,
,
,
,
,
,
,
,
,
,
,
,
,
,
,
,
,
,
,
,
,
,
,
,
,
,
,
,
,
,
,
,
,
,
,
,
,
,
,
,
,
,
,
,
,
,
,
,
,
,
,
,
,
,
,
,
,
,
,
,
,
,
,
,
,
,
,
,
,
,
,
,
,
,
,
,
,
,
,
,
,
,
,
,
,
,
,
,
,
,
,
,
,
,
,
,
,
,
,
,
,
,
,
,
,
,
,
,
,
,
,
,
,
,
,
,
,
,
,
,
,
,
,
,
,
,
,
,
,
,
,
,
,
,
,
,
,
,
,
,
,
,
,
,
,
,
,
,
,
,
,
,
,
,
,
,
,
,
,
,
,
,
,
,
,
,
,
,
,
,
,
,
,
,
,
,
,
,
,
,
,
,
,
,
,
,
,
,
,
,
,
,
,
,
,
,
,
,
,
,
,
,
,
,
,
,
,
,
,
,
,
,
,
,
,
,
,
,
,
,
,
,
,
,
,
,
,
,
,
,
,
,
,
,
,
,
,
,
,
,
,
,
,
,
,
,
,
,
,
,
,
,
,
,
,
,
,
,
,
,
,
,
,
,
,
,
,
,
,
,
,
,
,
,
,
,
,
,
,
,
,
,
,
,
,
,
,
,
,
,
,
,
,
,
,
,
,
,
,
,
,
,
,
,
,
,
,
,
,
,
,
,
,
,
,
,
,
,
,
,
,
,
,
,
,
,
,
,
,
,
,
,
,
,
,
,
,
,
,
,
,
,
,
,
,
,
,
,
,
,
,
,
,
,
,
,
,
,
,
,
,
,
,
,
,
,
,
,
,
,
,
,
,
,
,
,
,
,
,
,
,
,
,
,
,
,
,
,
,
,
,
,
,
,
,
,
,
,
,
,
,
,
,
,
,
,
,
,
,
,
,
,
,
,
,
,
,
,
,
,
,
,
,
,
,
,
,
,
,
,
,
,
,
,
,
,
,
,
,
,
,
,
,
,
,
,
,
,
,
,
,
,
,
,
,
,
,
,
,
,
,
,
,
,
,
,
,
,
,
,
,
,
,
,
,
,
,
,
,
,
,
,
,
,
,
,
,
,
,
,
,
,
,
,
,
,
,
,
,
,
,
,
,
,
,
,
,
,
,
,
,
,
,
,
,
,
,
,
,
,
,
,
,
,
,
,
,
,
,
,
,
,
,
,
,
,
,
,
,
,
,
,
,
,
,
,
,
,
,
,
,
,
,
,
,
,
,
,
,
,
,
,
,
,
,
,
,
,
,
,
,
,
,
,
,
,
,
,
,
,
,
,
,
,
,
,
,
,
,
,
,
,
,
,
,
,
,
,
,
,
,
,
,
,
,
,
,
,
,
,
,
,
,
,
,
,
,
,
,
,
,
,
,
,
,
,
,
,
,
,
,
,
,
,
,
,
,
,
,
,
,
,
,
,
,
,
,
,
,
,
,
,
,
,
,
,
,
,
,
,
,
,
,
,
,
,
,
,
,
,
,
,
,
,
,
,
,
,
,
,
,
,
,
,
,
,
,
,
,
,
,
,
,
,
,
,
,
,
,
,
,
,
,
,
,
,
,
,
,
,
,
,
,
,
,
,
,
,
,
,
,
,
,
,
,
,
,
,
,
,
,
,
,
,
,
,
,
,
,
,
,
,
,
,
,
,
,
,
,
,
,
,
,
,
,
,
,
,
,
,
,
,
,
,
,
,
,
,
,
,
,
,
,
,
,
,
,
,
,
,
,
,
,
,
,
,
,
,
,
,
,
,
,
,
,
,
,
,
,
,
,
,
,
,
,
,
,
,
,
,
,
,
,
,
,
,
,
,
,
,
,
,
,
,
,
,
,
,
,
,
,
,
,
,
,
,
,
,
,
,
,
,
,
,
,
,
,
,
,
,
,
,
,
,
,
,
,
,
,
,
,
,
,
,
,
,
,
,
,
,
,
,
,
,
,
,
,
,
,
,
,
,
,
,
,
,
,
,
,
,
,
,
,
,
,
,
,
,
,
,
,
,
,
,
,
,
,
,
,
,
,
,
,
,
,
,
,
,
,
,
,
,
,
,
,
,
,
,
,
,
,
,
,
,
,
,
,
,
,
,
,
,
,
,
,
,
,
,
,
,
,
,
,
,
,
,
,
,
,
,
,
,
,
,
,
,
,
,
,
,
,
,
,
,
,
,
,
,
,
,
,
,
,
,
,
,
,
,
,
,
,
,
,
,
,
,
,
,
,
,
,
,
,
,
,
,
,
,
,
,
,
,
,
,
,
,
,
,
,
,
,
,
,
,
,
,
,
,
,
,
,
,
,
,
,
,
,
,
,
,
,
,
,
,
,
,
,
,
,
,
,
,
,
,
,
,
,
,
,
,
,
,
,
,
,
,
,
,
,
,
,
,
,
,
,
,
,
,
,
,
,
,
,
,
,
,
,
,
,
,
,
,
,
,
,
,
,
,
,
,
,
,
,
,
,
,
,
,
,
,
,
,
,
,
,
,
